date,tc,rh,ws,wd,p,o3,no,no2,nox,co,pm25,date_only,year_month,formatted_year_month
2014-04-01,,,,,,,,,,,,2014-04-01,2014-04,Apr-14
2014-04-02,,,,,,,,,,,,2014-04-02,2014-04,Apr-14
2014-04-03,19.7,94.0,,,925.5,23.0,0.0,15.0,15.0,0.5,,2014-04-03,2014-04,Apr-14
2014-04-04,20.0,94.0,,,927.7,23.0,1.0,10.0,10.0,0.4,,2014-04-04,2014-04,Apr-14
2014-04-05,18.6,81.0,,,930.5,16.0,1.0,14.0,14.0,0.3,,2014-04-05,2014-04,Apr-14
2014-04-06,19.6,85.0,,,929.3,23.0,1.0,14.0,14.0,0.5,,2014-04-06,2014-04,Apr-14
2014-04-07,20.0,89.0,,,926.3,3.0,8.0,57.0,57.0,1.7,,2014-04-07,2014-04,Apr-14
2014-04-08,20.1,89.0,,,924.4,0.0,44.0,49.0,49.0,1.5,,2014-04-08,2014-04,Apr-14
2014-04-09,21.7,83.0,,,923.5,0.0,50.0,74.0,74.0,2.3,,2014-04-09,2014-04,Apr-14
2014-04-10,22.3,74.0,0.9,162.0,923.6,1.0,13.0,39.0,39.0,0.6,,2014-04-10,2014-04,Apr-14
2014-04-11,19.8,87.0,0.8,113.0,927.7,34.0,1.0,17.0,17.0,0.5,,2014-04-11,2014-04,Apr-14
2014-04-12,21.8,88.0,0.7,68.0,924.8,6.0,1.0,43.0,43.0,0.8,,2014-04-12,2014-04,Apr-14
2014-04-13,20.2,96.0,,360.0,926.8,37.0,0.0,17.0,17.0,0.6,,2014-04-13,2014-04,Apr-14
2014-04-14,19.0,96.0,1.8,160.0,927.0,36.0,0.0,6.0,6.0,0.3,,2014-04-14,2014-04,Apr-14
2014-04-15,16.3,93.0,1.8,113.0,929.6,40.0,0.0,8.0,8.0,0.2,,2014-04-15,2014-04,Apr-14
2014-04-16,17.6,97.0,1.0,71.0,927.1,10.0,1.0,23.0,23.0,0.4,,2014-04-16,2014-04,Apr-14
2014-04-17,18.5,91.0,1.0,119.0,927.1,14.0,3.0,19.0,19.0,0.4,,2014-04-17,2014-04,Apr-14
2014-04-18,18.6,91.0,0.4,120.0,926.2,11.0,3.0,28.0,28.0,0.6,,2014-04-18,2014-04,Apr-14
2014-04-19,19.3,94.0,0.3,72.0,925.1,0.0,26.0,61.0,61.0,1.5,,2014-04-19,2014-04,Apr-14
2014-04-20,20.5,91.0,1.8,177.0,927.8,43.0,1.0,40.0,40.0,0.7,,2014-04-20,2014-04,Apr-14
2014-04-21,18.9,90.0,1.2,146.0,927.3,42.0,0.0,7.0,7.0,0.3,,2014-04-21,2014-04,Apr-14
2014-04-22,18.7,91.0,0.3,74.0,926.8,18.0,1.0,20.0,20.0,0.5,,2014-04-22,2014-04,Apr-14
2014-04-23,19.2,88.0,0.5,90.0,925.8,8.0,2.0,37.0,37.0,0.5,,2014-04-23,2014-04,Apr-14
2014-04-24,18.0,94.0,1.1,195.0,927.5,23.0,1.0,17.0,17.0,0.3,,2014-04-24,2014-04,Apr-14
2014-04-25,16.2,93.0,1.6,112.0,927.2,36.0,1.0,9.0,9.0,0.3,,2014-04-25,2014-04,Apr-14
2014-04-26,16.0,89.0,0.9,80.0,926.8,18.0,,,,,,2014-04-26,2014-04,Apr-14
2014-04-27,15.1,87.0,0.8,113.0,928.9,18.0,2.0,24.0,24.0,0.3,,2014-04-27,2014-04,Apr-14
2014-04-28,14.3,87.0,0.9,90.0,931.3,30.0,0.0,12.0,12.0,0.3,,2014-04-28,2014-04,Apr-14
2014-04-29,13.8,79.0,0.9,83.0,931.1,24.0,1.0,19.0,19.0,0.3,,2014-04-29,2014-04,Apr-14
2014-04-30,15.2,69.0,0.4,39.0,928.1,7.0,7.0,38.0,38.0,0.5,,2014-04-30,2014-04,Apr-14
2014-05-01,18.5,56.0,0.6,349.0,923.0,1.0,22.0,71.0,71.0,0.9,,2014-05-01,2014-05,May-14
2014-05-02,,,,,,,,,,,,2014-05-02,2014-05,May-14
2014-05-03,,,,,,,,,,,,2014-05-03,2014-05,May-14
2014-05-04,,,,,,,,,,,,2014-05-04,2014-05,May-14
2014-05-05,,,,,,,,,,,,2014-05-05,2014-05,May-14
2014-05-06,,,,,,,,,,,,2014-05-06,2014-05,May-14
2014-05-07,,82.0,0.3,84.0,927.9,1.0,19.0,63.0,63.0,1.5,,2014-05-07,2014-05,May-14
2014-05-08,,77.0,0.3,62.0,928.2,1.0,33.0,69.0,69.0,1.4,,2014-05-08,2014-05,May-14
2014-05-09,21.9,64.0,0.4,15.0,924.0,1.0,73.0,98.0,98.0,1.9,,2014-05-09,2014-05,May-14
2014-05-10,15.8,88.0,1.5,136.0,925.7,40.0,1.0,13.0,13.0,0.3,,2014-05-10,2014-05,May-14
2014-05-11,14.9,88.0,1.6,90.0,930.2,36.0,1.0,10.0,10.0,0.3,,2014-05-11,2014-05,May-14
2014-05-12,14.3,83.0,1.8,81.0,930.7,41.0,0.0,9.0,9.0,0.3,,2014-05-12,2014-05,May-14
2014-05-13,15.4,77.0,0.3,52.0,927.8,7.0,6.0,40.0,40.0,0.7,,2014-05-13,2014-05,May-14
2014-05-14,,72.0,0.3,62.0,927.8,4.0,6.0,62.0,62.0,1.1,,2014-05-14,2014-05,May-14
2014-05-15,,88.0,0.7,74.0,928.3,42.0,0.0,27.0,27.0,0.6,,2014-05-15,2014-05,May-14
2014-05-16,16.9,93.0,0.3,93.0,926.0,1.0,71.0,61.0,61.0,2.1,,2014-05-16,2014-05,May-14
2014-05-17,,92.0,1.5,138.0,927.2,46.0,1.0,12.0,12.0,0.4,,2014-05-17,2014-05,May-14
2014-05-18,16.7,90.0,0.9,114.0,926.7,30.0,1.0,17.0,17.0,0.5,,2014-05-18,2014-05,May-14
2014-05-19,18.1,93.0,0.8,157.0,927.2,44.0,0.0,16.0,16.0,0.5,,2014-05-19,2014-05,May-14
2014-05-20,16.5,92.0,1.2,76.0,927.8,16.0,1.0,24.0,24.0,0.5,,2014-05-20,2014-05,May-14
2014-05-21,16.8,73.0,0.4,82.0,926.5,1.0,58.0,52.0,52.0,1.6,,2014-05-21,2014-05,May-14
2014-05-22,20.3,64.0,0.6,344.0,921.9,0.0,67.0,70.0,70.0,1.4,,2014-05-22,2014-05,May-14
2014-05-23,19.0,92.0,2.1,296.0,924.9,6.0,4.0,35.0,35.0,0.5,,2014-05-23,2014-05,May-14
2014-05-24,15.4,96.0,1.9,163.0,927.8,38.0,1.0,14.0,14.0,0.3,,2014-05-24,2014-05,May-14
2014-05-25,13.9,96.0,1.0,142.0,928.2,39.0,1.0,13.0,13.0,0.4,,2014-05-25,2014-05,May-14
2014-05-26,15.8,98.0,0.6,64.0,925.9,5.0,2.0,23.0,23.0,0.5,,2014-05-26,2014-05,May-14
2014-05-27,15.2,76.0,0.8,309.0,927.3,5.0,5.0,28.0,28.0,0.3,,2014-05-27,2014-05,May-14
2014-05-28,13.6,96.0,1.8,166.0,929.3,33.0,1.0,16.0,16.0,0.3,,2014-05-28,2014-05,May-14
2014-05-29,13.8,92.0,0.7,111.0,929.2,28.0,1.0,19.0,19.0,0.3,,2014-05-29,2014-05,May-14
2014-05-30,13.3,92.0,0.9,83.0,930.2,22.0,1.0,18.0,18.0,0.4,,2014-05-30,2014-05,May-14
2014-05-31,13.6,88.0,0.7,82.0,929.3,8.0,5.0,35.0,35.0,0.6,,2014-05-31,2014-05,May-14
2014-06-01,15.9,84.0,0.3,64.0,924.7,1.0,27.0,50.0,50.0,1.6,,2014-06-01,2014-06,Jun-14
2014-06-02,18.2,80.0,1.6,296.0,922.5,14.0,2.0,29.0,29.0,0.5,,2014-06-02,2014-06,Jun-14
2014-06-03,12.0,87.0,1.0,130.0,925.4,32.0,1.0,17.0,17.0,0.3,,2014-06-03,2014-06,Jun-14
2014-06-04,10.4,94.0,0.2,80.0,925.7,5.0,7.0,45.0,45.0,0.7,,2014-06-04,2014-06,Jun-14
2014-06-05,14.3,87.0,0.4,77.0,924.1,1.0,105.0,59.0,59.0,2.2,,2014-06-05,2014-06,Jun-14
2014-06-06,21.1,65.0,0.4,47.0,922.0,0.0,19.0,56.0,56.0,0.9,,2014-06-06,2014-06,Jun-14
2014-06-07,18.9,87.0,0.3,54.0,922.1,0.0,37.0,47.0,47.0,1.2,,2014-06-07,2014-06,Jun-14
2014-06-08,19.9,73.0,0.5,68.0,923.3,0.0,32.0,57.0,57.0,1.7,,2014-06-08,2014-06,Jun-14
2014-06-09,,,1.0,313.0,925.4,14.0,3.0,46.0,46.0,0.7,,2014-06-09,2014-06,Jun-14
2014-06-10,15.9,95.0,1.8,133.0,933.9,43.0,1.0,7.0,7.0,0.3,,2014-06-10,2014-06,Jun-14
2014-06-11,15.3,96.0,1.5,121.0,934.3,43.0,1.0,11.0,11.0,0.3,,2014-06-11,2014-06,Jun-14
2014-06-12,16.1,95.0,0.6,94.0,931.8,2.0,11.0,34.0,34.0,0.7,,2014-06-12,2014-06,Jun-14
2014-06-13,17.8,84.0,0.8,75.0,931.7,4.0,3.0,32.0,32.0,0.4,,2014-06-13,2014-06,Jun-14
2014-06-14,18.6,84.0,0.3,76.0,930.4,1.0,70.0,52.0,52.0,2.0,,2014-06-14,2014-06,Jun-14
2014-06-15,17.8,95.0,0.9,135.0,931.2,10.0,6.0,33.0,33.0,0.9,,2014-06-15,2014-06,Jun-14
2014-06-16,16.7,92.0,0.9,104.0,932.0,29.0,0.0,20.0,20.0,0.4,,2014-06-16,2014-06,Jun-14
2014-06-17,17.7,93.0,0.2,71.0,931.3,1.0,190.0,59.0,59.0,2.6,,2014-06-17,2014-06,Jun-14
2014-06-18,18.0,85.0,0.8,80.0,931.7,23.0,0.0,43.0,43.0,1.1,,2014-06-18,2014-06,Jun-14
2014-06-19,14.6,95.0,1.5,136.0,933.0,36.0,1.0,10.0,10.0,0.3,,2014-06-19,2014-06,Jun-14
2014-06-20,12.3,96.0,1.3,121.0,933.3,42.0,0.0,9.0,9.0,0.4,,2014-06-20,2014-06,Jun-14
2014-06-21,13.5,95.0,1.4,125.0,931.3,23.0,1.0,23.0,23.0,0.6,,2014-06-21,2014-06,Jun-14
2014-06-22,15.0,94.0,1.0,93.0,931.5,29.0,1.0,18.0,18.0,0.4,,2014-06-22,2014-06,Jun-14
2014-06-23,15.4,95.0,0.3,65.0,931.1,15.0,1.0,24.0,24.0,0.8,,2014-06-23,2014-06,Jun-14
2014-06-24,16.4,80.0,0.2,52.0,930.9,3.0,4.0,42.0,42.0,0.6,,2014-06-24,2014-06,Jun-14
2014-06-25,17.1,77.0,0.2,87.0,928.2,1.0,107.0,67.0,67.0,2.6,,2014-06-25,2014-06,Jun-14
2014-06-26,17.5,75.0,0.3,82.0,926.1,2.0,129.0,78.0,78.0,2.9,,2014-06-26,2014-06,Jun-14
2014-06-27,18.5,76.0,0.2,84.0,926.7,1.0,55.0,76.0,76.0,2.2,,2014-06-27,2014-06,Jun-14
2014-06-28,,,0.2,82.0,928.8,1.0,70.0,73.0,73.0,2.4,,2014-06-28,2014-06,Jun-14
2014-06-29,20.2,70.0,0.3,52.0,927.7,4.0,32.0,83.0,83.0,2.2,,2014-06-29,2014-06,Jun-14
2014-06-30,,76.0,3.2,281.0,926.9,15.0,1.0,17.0,17.0,0.3,,2014-06-30,2014-06,Jun-14
2014-07-01,,59.0,1.6,308.0,926.0,11.0,5.0,49.0,49.0,0.5,,2014-07-01,2014-07,Jul-14
2014-07-02,13.3,65.0,0.1,86.0,928.1,3.0,200.0,71.0,71.0,3.2,,2014-07-02,2014-07,Jul-14
2014-07-03,17.4,80.0,0.2,102.0,929.4,2.0,58.0,74.0,74.0,2.3,,2014-07-03,2014-07,Jul-14
2014-07-04,19.5,69.0,0.3,89.0,930.6,3.0,88.0,87.0,87.0,2.7,,2014-07-04,2014-07,Jul-14
2014-07-05,19.7,64.0,0.2,87.0,930.2,2.0,51.0,69.0,69.0,2.1,,2014-07-05,2014-07,Jul-14
2014-07-06,20.5,60.0,0.9,63.0,929.7,23.0,0.0,42.0,42.0,0.6,,2014-07-06,2014-07,Jul-14
2014-07-07,18.9,59.0,0.3,73.0,931.2,3.0,20.0,49.0,49.0,1.1,,2014-07-07,2014-07,Jul-14
2014-07-08,16.0,95.0,1.6,142.0,934.5,40.0,1.0,11.0,11.0,0.3,,2014-07-08,2014-07,Jul-14
2014-07-09,,92.0,0.7,136.0,933.5,31.0,1.0,16.0,16.0,0.4,,2014-07-09,2014-07,Jul-14
2014-07-10,,93.0,1.1,114.0,930.8,41.0,0.0,11.0,11.0,0.3,,2014-07-10,2014-07,Jul-14
2014-07-11,14.3,91.0,1.6,123.0,931.4,48.0,1.0,11.0,11.0,0.3,,2014-07-11,2014-07,Jul-14
2014-07-12,14.2,92.0,1.0,100.0,932.3,27.0,1.0,20.0,20.0,0.4,,2014-07-12,2014-07,Jul-14
2014-07-13,14.0,91.0,1.0,99.0,935.1,15.0,2.0,27.0,27.0,0.6,,2014-07-13,2014-07,Jul-14
2014-07-14,13.6,93.0,1.1,87.0,934.1,25.0,0.0,19.0,19.0,0.6,,2014-07-14,2014-07,Jul-14
2014-07-15,13.7,93.0,0.6,106.0,932.8,30.0,1.0,24.0,24.0,0.5,,2014-07-15,2014-07,Jul-14
2014-07-16,14.0,92.0,0.7,112.0,932.1,26.0,1.0,25.0,25.0,0.6,,2014-07-16,2014-07,Jul-14
2014-07-17,14.9,91.0,0.1,86.0,932.0,1.0,58.0,47.0,47.0,1.5,,2014-07-17,2014-07,Jul-14
2014-07-18,18.8,67.0,0.1,44.0,928.3,1.0,66.0,75.0,75.0,1.6,,2014-07-18,2014-07,Jul-14
2014-07-19,13.6,83.0,2.3,132.0,931.1,47.0,1.0,12.0,12.0,0.3,,2014-07-19,2014-07,Jul-14
2014-07-20,12.4,84.0,1.0,103.0,932.2,21.0,2.0,39.0,39.0,0.8,,2014-07-20,2014-07,Jul-14
2014-07-21,11.0,88.0,0.6,95.0,932.5,34.0,0.0,16.0,16.0,0.4,,2014-07-21,2014-07,Jul-14
2014-07-22,12.6,93.0,0.7,125.0,932.2,12.0,4.0,34.0,34.0,0.5,,2014-07-22,2014-07,Jul-14
2014-07-23,17.9,66.0,0.6,87.0,930.2,19.0,0.0,49.0,49.0,0.5,,2014-07-23,2014-07,Jul-14
2014-07-24,18.9,49.0,0.3,57.0,925.7,9.0,3.0,56.0,56.0,0.6,,2014-07-24,2014-07,Jul-14
2014-07-25,16.9,89.0,2.4,298.0,924.3,22.0,1.0,27.0,27.0,0.4,,2014-07-25,2014-07,Jul-14
2014-07-26,12.7,90.0,0.9,97.0,930.0,25.0,1.0,23.0,23.0,0.4,,2014-07-26,2014-07,Jul-14
2014-07-27,13.3,97.0,0.9,132.0,931.8,33.0,1.0,17.0,17.0,0.4,,2014-07-27,2014-07,Jul-14
2014-07-28,13.7,95.0,2.0,127.0,935.9,42.0,0.0,14.0,14.0,0.3,,2014-07-28,2014-07,Jul-14
2014-07-29,14.1,91.0,1.3,100.0,937.6,35.0,0.0,15.0,15.0,0.3,,2014-07-29,2014-07,Jul-14
2014-07-30,12.7,90.0,0.6,96.0,935.9,18.0,1.0,22.0,22.0,0.4,,2014-07-30,2014-07,Jul-14
2014-07-31,13.4,93.0,0.6,129.0,932.3,28.0,1.0,29.0,29.0,0.4,,2014-07-31,2014-07,Jul-14
2014-08-01,14.8,88.0,0.1,111.0,929.4,1.0,84.0,60.0,60.0,2.2,,2014-08-01,2014-08,Aug-14
2014-08-02,17.4,73.0,0.1,107.0,928.0,3.0,132.0,110.0,110.0,3.6,,2014-08-02,2014-08,Aug-14
2014-08-03,17.8,75.0,0.1,96.0,927.1,2.0,143.0,67.0,67.0,4.0,,2014-08-03,2014-08,Aug-14
2014-08-04,18.4,57.0,0.3,87.0,925.4,3.0,165.0,86.0,86.0,4.3,,2014-08-04,2014-08,Aug-14
2014-08-05,16.7,90.0,2.8,136.0,930.1,53.0,0.0,8.0,8.0,0.3,,2014-08-05,2014-08,Aug-14
2014-08-06,10.2,77.0,0.7,104.0,935.0,40.0,0.0,16.0,16.0,0.2,,2014-08-06,2014-08,Aug-14
2014-08-07,14.6,64.0,0.5,100.0,931.8,2.0,16.0,67.0,67.0,0.7,,2014-08-07,2014-08,Aug-14
2014-08-08,17.0,61.0,0.3,96.0,931.2,3.0,243.0,92.0,92.0,4.7,,2014-08-08,2014-08,Aug-14
2014-08-09,14.9,96.0,1.3,122.0,933.5,42.0,1.0,15.0,15.0,0.3,,2014-08-09,2014-08,Aug-14
2014-08-10,15.3,89.0,0.6,91.0,930.5,24.0,1.0,20.0,20.0,0.4,,2014-08-10,2014-08,Aug-14
2014-08-11,17.3,78.0,0.2,87.0,928.6,1.0,62.0,64.0,64.0,2.5,,2014-08-11,2014-08,Aug-14
2014-08-12,18.0,56.0,0.1,69.0,927.3,2.0,38.0,84.0,84.0,1.4,,2014-08-12,2014-08,Aug-14
2014-08-13,20.5,53.0,0.2,66.0,925.3,3.0,121.0,113.0,113.0,2.8,,2014-08-13,2014-08,Aug-14
2014-08-14,9.2,91.0,2.4,134.0,935.1,52.0,1.0,10.0,10.0,0.2,,2014-08-14,2014-08,Aug-14
2014-08-15,11.8,89.0,1.2,106.0,935.2,34.0,1.0,17.0,17.0,0.3,,2014-08-15,2014-08,Aug-14
2014-08-16,15.4,87.0,1.1,96.0,935.7,25.0,1.0,19.0,19.0,0.4,,2014-08-16,2014-08,Aug-14
2014-08-17,15.4,96.0,0.4,321.0,934.4,16.0,2.0,36.0,36.0,0.6,,2014-08-17,2014-08,Aug-14
2014-08-18,16.2,99.0,0.4,310.0,931.3,1.0,8.0,54.0,54.0,1.0,,2014-08-18,2014-08,Aug-14
2014-08-19,15.6,83.0,1.1,116.0,930.9,54.0,1.0,14.0,14.0,0.3,,2014-08-19,2014-08,Aug-14
2014-08-20,14.4,88.0,0.8,94.0,931.5,47.0,0.0,11.0,11.0,0.3,,2014-08-20,2014-08,Aug-14
2014-08-21,15.4,87.0,0.7,95.0,932.5,36.0,1.0,17.0,17.0,0.3,,2014-08-21,2014-08,Aug-14
2014-08-22,17.9,58.0,0.2,86.0,929.4,7.0,16.0,91.0,91.0,1.4,,2014-08-22,2014-08,Aug-14
2014-08-23,18.6,57.0,0.3,94.0,928.5,2.0,58.0,110.0,110.0,2.2,,2014-08-23,2014-08,Aug-14
2014-08-24,19.0,55.0,0.3,327.0,926.5,19.0,3.0,76.0,76.0,1.1,,2014-08-24,2014-08,Aug-14
2014-08-25,20.7,44.0,0.3,52.0,925.1,20.0,4.0,60.0,60.0,1.0,,2014-08-25,2014-08,Aug-14
2014-08-26,22.6,37.0,0.3,122.0,923.6,4.0,21.0,99.0,99.0,1.4,,2014-08-26,2014-08,Aug-14
2014-08-27,19.7,74.0,0.8,317.0,925.4,8.0,10.0,63.0,63.0,0.8,,2014-08-27,2014-08,Aug-14
2014-08-28,11.1,86.0,1.1,113.0,927.1,11.0,4.0,48.0,48.0,0.9,,2014-08-28,2014-08,Aug-14
2014-08-29,11.7,92.0,1.8,117.0,930.0,29.0,1.0,26.0,26.0,0.8,,2014-08-29,2014-08,Aug-14
2014-08-30,13.1,91.0,1.0,113.0,930.5,43.0,0.0,14.0,14.0,0.3,8.0,2014-08-30,2014-08,Aug-14
2014-08-31,13.9,90.0,0.2,291.0,928.5,9.0,3.0,45.0,45.0,0.8,28.0,2014-08-31,2014-08,Aug-14
2015-03-01,19.1,91.0,1.4,108.0,928.2,21.0,1.0,13.0,13.0,0.4,2.0,2015-03-01,2015-03,Mar-15
2015-03-02,,,1.1,121.0,928.9,28.0,0.0,9.0,9.0,0.3,6.0,2015-03-02,2015-03,Mar-15
2015-03-03,,,0.0,777.0,927.2,15.0,2.0,27.0,27.0,0.4,,2015-03-03,2015-03,Mar-15
2015-03-04,,,0.0,777.0,926.8,40.0,0.0,14.0,14.0,0.3,,2015-03-04,2015-03,Mar-15
2015-03-05,,,0.0,777.0,926.4,10.0,3.0,45.0,45.0,0.7,,2015-03-05,2015-03,Mar-15
2015-03-06,,,0.0,777.0,924.5,24.0,3.0,54.0,54.0,0.9,,2015-03-06,2015-03,Mar-15
2015-03-07,,,0.0,777.0,924.1,26.0,0.0,32.0,32.0,0.6,,2015-03-07,2015-03,Mar-15
2015-03-08,,,0.0,777.0,924.3,42.0,0.0,24.0,24.0,0.6,,2015-03-08,2015-03,Mar-15
2015-03-09,,,0.0,777.0,923.4,38.0,0.0,14.0,14.0,0.4,,2015-03-09,2015-03,Mar-15
2015-03-10,,,0.0,777.0,921.7,0.0,31.0,43.0,43.0,0.9,,2015-03-10,2015-03,Mar-15
2015-03-11,,,0.0,777.0,921.0,0.0,18.0,44.0,44.0,0.9,,2015-03-11,2015-03,Mar-15
2015-03-12,,,0.0,777.0,921.6,1.0,9.0,45.0,45.0,0.9,,2015-03-12,2015-03,Mar-15
2015-03-13,,,1.0,313.0,923.5,2.0,5.0,35.0,35.0,0.5,,2015-03-13,2015-03,Mar-15
2015-03-14,,,1.2,318.0,924.6,7.0,3.0,45.0,45.0,0.7,,2015-03-14,2015-03,Mar-15
2015-03-15,,,0.0,777.0,925.1,15.0,2.0,56.0,56.0,1.0,,2015-03-15,2015-03,Mar-15
2015-03-16,,,,,,,,,,,,2015-03-16,2015-03,Mar-15
2015-03-17,,,0.0,777.0,925.1,35.0,0.0,23.0,23.0,0.4,,2015-03-17,2015-03,Mar-15
2015-03-18,,,1.1,105.0,926.9,38.0,0.0,15.0,15.0,0.4,,2015-03-18,2015-03,Mar-15
2015-03-19,,,0.9,108.0,927.7,13.0,2.0,21.0,21.0,0.5,,2015-03-19,2015-03,Mar-15
2015-03-20,,,0.0,777.0,925.8,29.0,1.0,19.0,19.0,0.4,,2015-03-20,2015-03,Mar-15
2015-03-21,,,0.0,777.0,923.6,1.0,18.0,69.0,69.0,1.2,,2015-03-21,2015-03,Mar-15
2015-03-22,,,0.7,312.0,921.8,0.0,21.0,49.0,49.0,1.1,,2015-03-22,2015-03,Mar-15
2015-03-23,,,1.9,116.0,926.2,46.0,0.0,7.0,7.0,0.3,,2015-03-23,2015-03,Mar-15
2015-03-24,,,1.0,119.0,929.2,21.0,1.0,17.0,17.0,0.3,,2015-03-24,2015-03,Mar-15
2015-03-25,,,1.3,106.0,929.9,24.0,1.0,11.0,11.0,0.3,,2015-03-25,2015-03,Mar-15
2015-03-26,,,0.9,119.0,927.2,45.0,,,,0.2,,2015-03-26,2015-03,Mar-15
2015-03-27,,,,,,,,,,,,2015-03-27,2015-03,Mar-15
2015-03-28,,,1.0,126.0,928.2,57.0,,,,0.6,,2015-03-28,2015-03,Mar-15
2015-03-29,,,1.1,112.0,927.2,32.0,,,,0.4,,2015-03-29,2015-03,Mar-15
2015-03-30,,,0.0,777.0,926.1,21.0,,,,0.5,,2015-03-30,2015-03,Mar-15
2015-03-31,,,1.1,320.0,923.9,0.0,19.0,46.0,46.0,0.8,8.0,2015-03-31,2015-03,Mar-15
2015-05-01,,,1.0,107.0,928.5,25.0,1.0,19.0,19.0,0.3,0.0,2015-05-01,2015-05,May-15
2015-05-02,,,0.0,777.0,926.8,30.0,1.0,19.0,19.0,0.4,13.0,2015-05-02,2015-05,May-15
2015-05-03,,,0.0,777.0,925.4,3.0,5.0,43.0,43.0,0.9,29.0,2015-05-03,2015-05,May-15
2015-05-04,,,1.4,315.0,922.7,17.0,1.0,30.0,30.0,0.4,12.0,2015-05-04,2015-05,May-15
2015-05-05,,,1.5,135.0,927.6,36.0,1.0,14.0,14.0,0.3,1.0,2015-05-05,2015-05,May-15
2015-05-06,,,1.3,115.0,928.6,29.0,1.0,14.0,14.0,0.3,8.0,2015-05-06,2015-05,May-15
2015-05-07,,,1.0,107.0,926.6,5.0,5.0,29.0,29.0,0.5,20.0,2015-05-07,2015-05,May-15
2015-05-08,,,3.1,123.0,930.8,44.0,1.0,10.0,10.0,0.3,13.0,2015-05-08,2015-05,May-15
2015-05-09,14.7,87.0,1.3,115.0,930.8,10.0,6.0,31.0,31.0,0.6,15.0,2015-05-09,2015-05,May-15
2015-05-10,15.4,92.0,0.7,127.0,927.8,1.0,28.0,51.0,51.0,1.5,37.0,2015-05-10,2015-05,May-15
2015-05-11,16.6,96.0,0.9,59.0,922.2,7.0,5.0,40.0,40.0,0.6,3.0,2015-05-11,2015-05,May-15
2015-05-12,16.4,90.0,1.3,314.0,924.4,0.0,22.0,41.0,41.0,0.6,0.0,2015-05-12,2015-05,May-15
2015-05-13,15.5,95.0,1.8,127.0,929.4,35.0,1.0,12.0,12.0,0.2,,2015-05-13,2015-05,May-15
2015-05-14,14.4,94.0,1.2,109.0,931.3,17.0,2.0,21.0,21.0,0.5,,2015-05-14,2015-05,May-15
2015-05-15,14.4,92.0,0.9,117.0,931.3,2.0,21.0,36.0,36.0,0.9,,2015-05-15,2015-05,May-15
2015-05-16,15.2,88.0,1.1,120.0,931.7,10.0,3.0,28.0,28.0,0.5,,2015-05-16,2015-05,May-15
2015-05-17,16.0,90.0,1.3,110.0,932.2,10.0,6.0,36.0,36.0,0.8,,2015-05-17,2015-05,May-15
2015-05-18,17.6,90.0,1.5,117.0,932.4,35.0,1.0,14.0,14.0,0.4,,2015-05-18,2015-05,May-15
2015-05-19,17.7,92.0,1.4,120.0,931.3,32.0,1.0,22.0,22.0,0.6,,2015-05-19,2015-05,May-15
2015-05-20,16.3,94.0,1.0,109.0,930.5,18.0,1.0,26.0,26.0,0.4,,2015-05-20,2015-05,May-15
2015-05-21,17.0,93.0,1.4,117.0,931.5,17.0,3.0,28.0,28.0,0.5,,2015-05-21,2015-05,May-15
2015-05-22,17.2,94.0,1.0,122.0,932.2,2.0,9.0,39.0,39.0,0.8,,2015-05-22,2015-05,May-15
2015-05-23,18.6,89.0,0.6,325.0,930.1,1.0,10.0,43.0,43.0,0.9,,2015-05-23,2015-05,May-15
2015-05-24,18.9,76.0,1.0,316.0,927.0,0.0,22.0,52.0,52.0,1.1,25.0,2015-05-24,2015-05,May-15
2015-05-25,19.7,80.0,0.6,80.0,926.7,1.0,30.0,66.0,66.0,1.5,35.0,2015-05-25,2015-05,May-15
2015-05-26,19.9,92.0,1.6,123.0,928.4,30.0,0.0,28.0,28.0,0.6,44.0,2015-05-26,2015-05,May-15
2015-05-27,19.4,92.0,1.4,106.0,926.8,23.0,1.0,19.0,19.0,0.4,13.0,2015-05-27,2015-05,May-15
2015-05-28,22.1,66.0,1.2,315.0,924.2,5.0,5.0,59.0,59.0,0.7,20.0,2015-05-28,2015-05,May-15
2015-05-29,17.3,83.0,2.0,304.0,924.4,2.0,9.0,35.0,35.0,0.4,11.0,2015-05-29,2015-05,May-15
2015-05-30,15.3,90.0,1.2,107.0,924.7,6.0,4.0,31.0,31.0,0.4,8.0,2015-05-30,2015-05,May-15
2015-05-31,16.0,64.0,2.2,317.0,927.7,22.0,1.0,32.0,32.0,0.4,13.0,2015-05-31,2015-05,May-15
2016-02-01,26.5,49.0,0.7,287.0,926.5,34.0,1.0,32.0,32.0,,7.0,2016-02-01,2016-02,Feb-16
2016-02-02,23.9,84.0,1.7,141.0,926.8,55.0,1.0,29.0,29.0,,25.0,2016-02-02,2016-02,Feb-16
2016-02-03,23.0,84.0,1.9,126.0,926.4,49.0,0.0,9.0,9.0,,13.0,2016-02-03,2016-02,Feb-16
2016-02-04,21.6,86.0,2.2,127.0,925.7,44.0,1.0,8.0,8.0,,9.0,2016-02-04,2016-02,Feb-16
2016-02-05,24.2,76.0,0.9,269.0,925.6,30.0,,,,,25.0,2016-02-05,2016-02,Feb-16
2016-02-06,22.8,91.0,1.7,123.0,928.0,29.0,,,,,17.0,2016-02-06,2016-02,Feb-16
2016-02-07,22.3,83.0,2.0,115.0,928.5,49.0,,,,,9.0,2016-02-07,2016-02,Feb-16
2016-02-08,22.2,89.0,1.6,125.0,927.9,30.0,,,,,15.0,2016-02-08,2016-02,Feb-16
2016-02-09,23.4,88.0,1.0,304.0,926.9,22.0,,,,,17.0,2016-02-09,2016-02,Feb-16
2016-02-10,27.6,59.0,0.7,329.0,926.1,15.0,,,,,14.0,2016-02-10,2016-02,Feb-16
2016-02-11,23.4,85.0,1.7,125.0,926.5,47.0,,,,,5.0,2016-02-11,2016-02,Feb-16
2016-02-12,19.8,88.0,2.5,128.0,925.8,41.0,,,,,3.0,2016-02-12,2016-02,Feb-16
2016-02-13,19.7,86.0,2.0,120.0,924.6,32.0,,,,0.2,9.0,2016-02-13,2016-02,Feb-16
2016-02-14,20.9,87.0,1.3,116.0,924.1,47.0,,,,0.3,18.0,2016-02-14,2016-02,Feb-16
2016-02-15,25.0,78.0,2.4,131.0,923.4,54.0,,,,0.4,15.0,2016-02-15,2016-02,Feb-16
2016-02-16,21.4,96.0,1.3,302.0,925.2,2.0,15.0,68.0,68.0,0.8,14.0,2016-02-16,2016-02,Feb-16
2016-02-17,23.2,86.0,1.3,301.0,925.0,42.0,0.0,27.0,27.0,0.4,13.0,2016-02-17,2016-02,Feb-16
2016-02-18,22.6,93.0,1.2,297.0,926.2,0.0,26.0,62.0,62.0,1.0,14.0,2016-02-18,2016-02,Feb-16
2016-02-19,24.3,85.0,0.7,266.0,924.2,29.0,0.0,58.0,58.0,0.9,23.0,2016-02-19,2016-02,Feb-16
2016-02-20,24.0,83.0,1.1,279.0,925.0,18.0,0.0,56.0,56.0,0.8,28.0,2016-02-20,2016-02,Feb-16
2016-02-21,23.8,85.0,1.3,124.0,924.3,93.0,0.0,18.0,18.0,0.5,23.0,2016-02-21,2016-02,Feb-16
2016-02-22,20.5,97.0,0.9,297.0,924.6,21.0,0.0,37.0,37.0,0.6,6.0,2016-02-22,2016-02,Feb-16
2016-02-23,21.7,88.0,1.6,260.0,926.0,30.0,0.0,15.0,15.0,0.3,9.0,2016-02-23,2016-02,Feb-16
2016-02-24,22.9,80.0,1.3,318.0,927.1,3.0,5.0,60.0,60.0,0.6,14.0,2016-02-24,2016-02,Feb-16
2016-02-25,21.0,90.0,0.9,319.0,924.7,0.0,38.0,59.0,59.0,0.9,14.0,2016-02-25,2016-02,Feb-16
2016-02-26,23.5,78.0,1.6,312.0,922.8,22.0,1.0,32.0,32.0,0.5,13.0,2016-02-26,2016-02,Feb-16
2016-02-27,23.9,80.0,1.4,314.0,923.5,1.0,12.0,64.0,64.0,0.9,21.0,2016-02-27,2016-02,Feb-16
2016-02-28,24.3,80.0,1.4,308.0,924.6,3.0,8.0,51.0,51.0,0.9,13.0,2016-02-28,2016-02,Feb-16
2016-02-29,20.8,97.0,2.2,156.0,926.1,32.0,1.0,16.0,16.0,0.3,7.0,2016-02-29,2016-02,Feb-16
2017-11-01,15.6,96.0,2.8,136.0,926.5,48.0,1.0,10.0,10.0,0.2,5.0,2017-11-01,2017-11,Nov-17
2017-11-02,14.9,89.0,3.3,123.0,930.3,41.0,1.0,6.0,6.0,0.2,7.0,2017-11-02,2017-11,Nov-17
2017-11-03,15.8,89.0,1.5,109.0,927.9,29.0,0.0,18.0,18.0,0.3,9.0,2017-11-03,2017-11,Nov-17
2017-11-04,21.1,74.0,1.0,285.0,923.4,21.0,2.0,60.0,60.0,0.6,16.0,2017-11-04,2017-11,Nov-17
2017-11-05,19.9,89.0,2.3,308.0,921.8,34.0,0.0,29.0,29.0,0.4,1.0,2017-11-05,2017-11,Nov-17
2017-11-06,15.1,100.0,2.5,124.0,927.8,59.0,0.0,6.0,6.0,0.2,,2017-11-06,2017-11,Nov-17
2017-11-07,15.7,96.0,1.8,108.0,927.3,35.0,0.0,12.0,12.0,0.2,,2017-11-07,2017-11,Nov-17
2017-11-08,16.2,93.0,1.9,113.0,925.4,33.0,1.0,11.0,11.0,0.2,,2017-11-08,2017-11,Nov-17
2017-11-09,17.3,95.0,1.5,114.0,924.5,34.0,2.0,22.0,22.0,0.3,,2017-11-09,2017-11,Nov-17
2017-11-10,18.2,100.0,0.9,125.0,923.4,9.0,3.0,38.0,38.0,0.5,,2017-11-10,2017-11,Nov-17
2017-11-11,19.7,97.0,1.6,137.0,919.4,38.0,3.0,31.0,31.0,0.5,,2017-11-11,2017-11,Nov-17
2017-11-12,14.9,90.0,0.7,99.0,920.0,2.0,16.0,66.0,66.0,1.1,,2017-11-12,2017-11,Nov-17
2017-11-13,21.0,43.0,0.7,318.0,920.5,2.0,20.0,73.0,73.0,0.8,,2017-11-13,2017-11,Nov-17
2017-11-14,14.6,82.0,1.7,132.0,925.2,46.0,1.0,13.0,13.0,0.2,,2017-11-14,2017-11,Nov-17
2017-11-15,15.4,92.0,1.8,117.0,926.2,39.0,1.0,12.0,12.0,0.3,,2017-11-15,2017-11,Nov-17
2017-11-16,24.4,60.0,0.9,286.0,923.2,20.0,1.0,62.0,62.0,0.9,,2017-11-16,2017-11,Nov-17
2017-11-17,20.7,89.0,0.8,326.0,922.4,1.0,32.0,85.0,85.0,1.0,19.0,2017-11-17,2017-11,Nov-17
2017-11-18,19.7,92.0,1.6,293.0,921.8,28.0,1.0,45.0,45.0,0.5,7.0,2017-11-18,2017-11,Nov-17
2017-11-19,19.3,100.0,1.4,303.0,919.4,45.0,0.0,25.0,25.0,0.5,4.0,2017-11-19,2017-11,Nov-17
2017-11-20,18.4,100.0,1.7,123.0,923.3,59.0,0.0,11.0,11.0,0.3,4.0,2017-11-20,2017-11,Nov-17
2017-11-21,17.6,98.0,1.6,115.0,924.6,40.0,0.0,9.0,9.0,0.3,5.0,2017-11-21,2017-11,Nov-17
2017-11-22,20.7,98.0,1.2,300.0,920.4,6.0,3.0,55.0,55.0,0.7,8.0,2017-11-22,2017-11,Nov-17
2017-11-23,15.3,100.0,2.6,124.0,924.9,50.0,1.0,7.0,7.0,0.2,2.0,2017-11-23,2017-11,Nov-17
2017-11-24,16.9,96.0,0.8,103.0,925.4,9.0,1.0,25.0,25.0,0.4,20.0,2017-11-24,2017-11,Nov-17
2017-11-25,18.6,87.0,0.6,330.0,926.8,16.0,2.0,61.0,61.0,0.7,37.0,2017-11-25,2017-11,Nov-17
2017-11-26,20.3,90.0,0.8,329.0,922.7,22.0,1.0,34.0,34.0,0.6,45.0,2017-11-26,2017-11,Nov-17
2017-11-27,22.9,77.0,2.2,302.0,922.2,57.0,0.0,12.0,12.0,0.3,11.0,2017-11-27,2017-11,Nov-17
2017-11-28,19.5,100.0,1.4,130.0,926.6,40.0,0.0,15.0,15.0,0.3,0.0,2017-11-28,2017-11,Nov-17
2017-11-29,17.5,91.0,2.2,112.0,928.1,41.0,0.0,9.0,9.0,0.2,1.0,2017-11-29,2017-11,Nov-17
2017-11-30,17.1,86.0,1.7,103.0,924.3,39.0,0.0,10.0,10.0,0.2,13.0,2017-11-30,2017-11,Nov-17
2018-01-01,21.4,89.0,1.7,285.0,922.6,29.0,0.0,13.0,13.0,0.4,14.0,2018-01-01,2018-01,Jan-18
2018-01-02,24.6,72.0,1.4,324.0,921.0,15.0,2.0,25.0,25.0,0.4,11.0,2018-01-02,2018-01,Jan-18
2018-01-03,23.1,77.0,2.7,309.0,917.8,15.0,1.0,18.0,18.0,0.3,3.0,2018-01-03,2018-01,Jan-18
2018-01-04,19.2,95.0,1.9,127.0,922.7,44.0,0.0,7.0,7.0,0.2,11.0,2018-01-04,2018-01,Jan-18
2018-01-05,,,1.7,121.0,925.9,34.0,0.0,9.0,9.0,0.2,10.0,2018-01-05,2018-01,Jan-18
2018-01-06,20.3,90.0,0.9,236.0,925.3,45.0,0.0,22.0,22.0,0.4,24.0,2018-01-06,2018-01,Jan-18
2018-01-07,,84.0,1.0,281.0,925.3,25.0,0.0,42.0,42.0,0.6,22.0,2018-01-07,2018-01,Jan-18
2018-01-08,18.9,98.0,1.8,123.0,927.5,34.0,0.0,7.0,7.0,0.3,16.0,2018-01-08,2018-01,Jan-18
2018-01-09,19.3,100.0,0.8,153.0,928.7,7.0,1.0,46.0,46.0,0.5,10.0,2018-01-09,2018-01,Jan-18
2018-01-10,19.8,96.0,1.4,121.0,930.3,30.0,1.0,18.0,18.0,0.4,26.0,2018-01-10,2018-01,Jan-18
2018-01-11,21.4,94.0,1.6,126.0,929.3,29.0,1.0,15.0,15.0,0.3,22.0,2018-01-11,2018-01,Jan-18
2018-01-12,20.8,84.0,1.6,302.0,927.0,50.0,0.0,21.0,21.0,0.4,19.0,2018-01-12,2018-01,Jan-18
2018-01-13,21.9,75.0,2.4,317.0,923.6,46.0,0.0,13.0,13.0,0.3,8.0,2018-01-13,2018-01,Jan-18
2018-01-14,23.2,71.0,2.0,312.0,924.2,38.0,0.0,31.0,31.0,0.5,16.0,2018-01-14,2018-01,Jan-18
2018-01-15,,,2.1,282.0,925.4,31.0,0.0,19.0,19.0,0.3,14.0,2018-01-15,2018-01,Jan-18
2018-01-16,25.9,61.0,2.1,318.0,926.0,27.0,1.0,35.0,35.0,0.4,10.0,2018-01-16,2018-01,Jan-18
2018-01-17,,,0.6,888.0,927.1,9.0,,,,0.6,13.0,2018-01-17,2018-01,Jan-18
2018-01-18,23.5,90.0,0.8,103.0,925.6,25.0,1.0,32.0,32.0,0.6,11.0,2018-01-18,2018-01,Jan-18
2018-01-19,25.2,60.0,1.7,276.0,925.5,58.0,0.0,23.0,23.0,0.3,14.0,2018-01-19,2018-01,Jan-18
2018-01-20,20.6,95.0,0.9,110.0,926.4,34.0,1.0,33.0,33.0,0.6,11.0,2018-01-20,2018-01,Jan-18
2018-01-21,21.3,89.0,1.5,284.0,926.2,34.0,0.0,31.0,31.0,0.5,6.0,2018-01-21,2018-01,Jan-18
2018-01-22,23.2,93.0,1.1,297.0,924.8,36.0,0.0,24.0,24.0,0.6,40.0,2018-01-22,2018-01,Jan-18
2018-01-23,,92.0,2.0,319.0,924.2,66.0,0.0,25.0,25.0,0.4,16.0,2018-01-23,2018-01,Jan-18
2018-01-24,23.6,78.0,1.9,320.0,923.6,25.0,1.0,51.0,51.0,1.5,16.0,2018-01-24,2018-01,Jan-18
2018-01-25,26.3,52.0,1.2,135.0,924.1,70.0,0.0,19.0,19.0,,10.0,2018-01-25,2018-01,Jan-18
2018-01-26,21.1,91.0,2.6,126.0,924.4,55.0,0.0,4.0,4.0,,21.0,2018-01-26,2018-01,Jan-18
2018-01-27,,,,,,,,,,,,2018-01-27,2018-01,Jan-18
2018-01-28,,,,,,,,,,,,2018-01-28,2018-01,Jan-18
2018-01-29,,,,,,,,,,,,2018-01-29,2018-01,Jan-18
2018-01-30,,100.0,1.7,148.0,921.4,36.0,1.0,14.0,14.0,1.1,9.0,2018-01-30,2018-01,Jan-18
2018-01-31,,,2.0,134.0,921.8,26.0,1.0,10.0,10.0,0.3,5.0,2018-01-31,2018-01,Jan-18
2018-09-01,,,0.8,293.0,924.9,3.0,75.0,110.0,110.0,2.0,55.0,2018-09-01,2018-09,Sep-18
2018-09-02,,,1.3,104.0,926.2,53.0,0.0,17.0,17.0,0.3,33.0,2018-09-02,2018-09,Sep-18
2018-09-03,,,1.3,152.0,923.6,42.0,0.0,27.0,27.0,0.5,12.0,2018-09-03,2018-09,Sep-18
2018-09-04,,,3.4,300.0,922.4,27.0,2.0,23.0,23.0,0.2,5.0,2018-09-04,2018-09,Sep-18
2018-09-05,,,1.6,138.0,927.9,41.0,1.0,17.0,17.0,0.2,1.0,2018-09-05,2018-09,Sep-18
2018-09-06,,,1.8,126.0,932.4,39.0,1.0,16.0,16.0,0.2,3.0,2018-09-06,2018-09,Sep-18
2018-09-07,,,,,,,,,,,,2018-09-07,2018-09,Sep-18
2018-09-08,,,,,,,,,,,,2018-09-08,2018-09,Sep-18
2018-09-09,,,,,,,,,,,,2018-09-09,2018-09,Sep-18
2018-09-10,,,,,,,,,,,,2018-09-10,2018-09,Sep-18
2018-09-11,,,2.2,121.0,928.5,44.0,0.0,12.0,12.0,0.4,,2018-09-11,2018-09,Sep-18
2018-09-12,,,2.3,123.0,929.7,40.0,0.0,12.0,12.0,0.2,,2018-09-12,2018-09,Sep-18
2018-09-13,,,2.0,114.0,928.8,37.0,0.0,10.0,10.0,0.2,,2018-09-13,2018-09,Sep-18
2018-09-14,,,1.7,125.0,925.3,41.0,0.0,19.0,19.0,0.3,,2018-09-14,2018-09,Sep-18
2018-09-15,,,1.0,315.0,922.4,0.0,32.0,63.0,63.0,1.0,,2018-09-15,2018-09,Sep-18
2018-09-16,,,1.8,136.0,925.0,41.0,0.0,13.0,13.0,0.3,,2018-09-16,2018-09,Sep-18
2018-09-17,,,1.3,143.0,926.4,43.0,0.0,9.0,9.0,0.2,,2018-09-17,2018-09,Sep-18
2018-09-18,,,1.5,318.0,923.0,28.0,1.0,38.0,38.0,0.5,,2018-09-18,2018-09,Sep-18
2018-09-19,,,1.8,313.0,922.7,27.0,0.0,35.0,35.0,0.5,,2018-09-19,2018-09,Sep-18
2018-09-20,,,0.8,147.0,927.0,32.0,0.0,53.0,53.0,0.8,,2018-09-20,2018-09,Sep-18
2018-09-21,,,1.1,254.0,925.3,1.0,11.0,61.0,61.0,0.7,,2018-09-21,2018-09,Sep-18
2018-09-22,,,0.6,299.0,926.8,13.0,2.0,44.0,44.0,0.6,,2018-09-22,2018-09,Sep-18
2018-09-23,,,1.1,109.0,925.0,15.0,2.0,37.0,37.0,0.7,,2018-09-23,2018-09,Sep-18
2018-09-24,,,0.8,95.0,926.3,38.0,0.0,40.0,40.0,0.7,,2018-09-24,2018-09,Sep-18
2018-09-25,,,1.7,124.0,927.1,71.0,0.0,16.0,16.0,0.3,,2018-09-25,2018-09,Sep-18
2018-09-26,,,2.1,127.0,925.7,67.0,0.0,11.0,11.0,0.3,,2018-09-26,2018-09,Sep-18
2018-09-27,,,1.0,308.0,923.8,24.0,1.0,27.0,27.0,0.5,,2018-09-27,2018-09,Sep-18
2018-09-28,,,1.2,116.0,924.8,18.0,2.0,37.0,37.0,0.6,,2018-09-28,2018-09,Sep-18
2018-09-29,,,1.9,123.0,927.0,37.0,1.0,16.0,16.0,0.4,5.0,2018-09-29,2018-09,Sep-18
2018-09-30,,,0.8,261.0,923.9,7.0,1.0,34.0,34.0,0.6,22.0,2018-09-30,2018-09,Sep-18
2018-12-01,,,1.5,262.0,920.2,60.0,0.0,17.0,17.0,0.4,6.0,2018-12-01,2018-12,Dec-18
2018-12-02,,,0.8,322.0,919.1,1.0,15.0,50.0,50.0,1.0,14.0,2018-12-02,2018-12,Dec-18
2018-12-03,,,2.7,124.0,922.2,35.0,0.0,4.0,4.0,0.2,5.0,2018-12-03,2018-12,Dec-18
2018-12-04,,,0.9,198.0,921.6,20.0,0.0,12.0,12.0,0.2,6.0,2018-12-04,2018-12,Dec-18
2018-12-05,,,0.6,103.0,918.9,14.0,2.0,72.0,72.0,0.9,28.0,2018-12-05,2018-12,Dec-18
2018-12-06,,,1.3,112.0,924.0,29.0,0.0,36.0,36.0,0.5,11.0,2018-12-06,2018-12,Dec-18
2018-12-07,,,1.5,125.0,926.0,34.0,0.0,5.0,5.0,0.3,5.0,2018-12-07,2018-12,Dec-18
2018-12-08,,,2.4,128.0,927.8,28.0,1.0,9.0,9.0,0.2,1.0,2018-12-08,2018-12,Dec-18
2018-12-09,,,2.1,126.0,930.0,24.0,1.0,12.0,12.0,0.3,4.0,2018-12-09,2018-12,Dec-18
2018-12-10,,,1.2,118.0,931.1,24.0,1.0,25.0,25.0,0.4,10.0,2018-12-10,2018-12,Dec-18
2018-12-11,,,1.0,265.0,929.8,40.0,0.0,24.0,24.0,0.4,4.0,2018-12-11,2018-12,Dec-18
2018-12-12,,,0.9,301.0,929.2,52.0,0.0,21.0,21.0,0.3,15.0,2018-12-12,2018-12,Dec-18
2018-12-13,,,1.5,297.0,926.7,82.0,0.0,14.0,14.0,0.3,4.0,2018-12-13,2018-12,Dec-18
2018-12-14,,,0.8,124.0,926.3,4.0,7.0,103.0,103.0,1.1,31.0,2018-12-14,2018-12,Dec-18
2018-12-15,,,0.9,277.0,928.4,45.0,0.0,46.0,46.0,0.6,16.0,2018-12-15,2018-12,Dec-18
2018-12-16,,,0.8,294.0,928.6,34.0,1.0,60.0,60.0,1.1,45.0,2018-12-16,2018-12,Dec-18
2018-12-17,,,1.2,85.0,927.8,37.0,0.0,25.0,25.0,0.5,41.0,2018-12-17,2018-12,Dec-18
2018-12-18,,,1.9,283.0,926.1,83.0,0.0,19.0,19.0,0.4,17.0,2018-12-18,2018-12,Dec-18
2018-12-19,,,2.7,145.0,928.5,87.0,0.0,9.0,9.0,0.4,15.0,2018-12-19,2018-12,Dec-18
2018-12-20,,,,,,,,,,,,2018-12-20,2018-12,Dec-18
2018-12-21,,,,,,,,,,,,2018-12-21,2018-12,Dec-18
2018-12-22,,,,,,,,,,,,2018-12-22,2018-12,Dec-18
2018-12-23,,,,,,,,,,,,2018-12-23,2018-12,Dec-18
2018-12-24,,,,,,,,,,,,2018-12-24,2018-12,Dec-18
2018-12-25,,,,,,,,,,,,2018-12-25,2018-12,Dec-18
2018-12-26,,,,,,,,,,,,2018-12-26,2018-12,Dec-18
2018-12-27,,,,,,,,,,,,2018-12-27,2018-12,Dec-18
2018-12-28,,,,,,,,,,,,2018-12-28,2018-12,Dec-18
2018-12-29,,,,,,,,,,,,2018-12-29,2018-12,Dec-18
2018-12-30,,,,,,,,,,,,2018-12-30,2018-12,Dec-18
2018-12-31,,,,,,,,,,,,2018-12-31,2018-12,Dec-18
2019-01-01,,,,,,,,,,,,2019-01-01,2019-01,Jan-19
2019-01-01,,,,,,,,,,,,2019-01-01,2019-01,Jan-19
2019-01-02,,,,,,,,,,,,2019-01-02,2019-01,Jan-19
2019-01-03,,,,,,,,,,,,2019-01-03,2019-01,Jan-19
2019-01-04,,,,,,,,,,,,2019-01-04,2019-01,Jan-19
2019-01-05,,,,,,,,,,,,2019-01-05,2019-01,Jan-19
2019-01-06,,,,,,,,,,,,2019-01-06,2019-01,Jan-19
2019-01-07,,,,,,,,,,,,2019-01-07,2019-01,Jan-19
2019-01-08,,,,,,,,,,,,2019-01-08,2019-01,Jan-19
2019-01-09,,,,,,,,,,,,2019-01-09,2019-01,Jan-19
2019-01-10,,,,,,,,,,,,2019-01-10,2019-01,Jan-19
2019-01-11,,,,,,,,,,,,2019-01-11,2019-01,Jan-19
2019-01-12,,,,,,,,,,,,2019-01-12,2019-01,Jan-19
2019-01-13,,,,,,,,,,,,2019-01-13,2019-01,Jan-19
2019-01-14,,,,,,,,,,,,2019-01-14,2019-01,Jan-19
2019-01-15,,,,,,,,,,,,2019-01-15,2019-01,Jan-19
2019-01-16,,,,,,,,,,,,2019-01-16,2019-01,Jan-19
2019-01-17,,,,,,,,,,,,2019-01-17,2019-01,Jan-19
2019-01-18,,,,,,,,,,,,2019-01-18,2019-01,Jan-19
2019-01-19,,,,,,,,,,,,2019-01-19,2019-01,Jan-19
2019-01-20,,,,,,,,,,,,2019-01-20,2019-01,Jan-19
2019-01-21,,,,,,,,,,,,2019-01-21,2019-01,Jan-19
2019-01-22,,,0.9,277.0,927.1,37.0,2.0,23.0,14.0,0.5,10.0,2019-01-22,2019-01,Jan-19
2019-01-23,,,2.0,122.0,927.5,39.0,0.0,4.0,2.0,0.2,12.0,2019-01-23,2019-01,Jan-19
2019-01-24,,,0.9,888.0,926.8,32.0,0.0,13.0,7.0,0.3,22.0,2019-01-24,2019-01,Jan-19
2019-01-25,,,1.8,130.0,927.0,31.0,0.0,12.0,6.0,0.3,24.0,2019-01-25,2019-01,Jan-19
2019-01-26,,,1.0,130.0,926.7,1.0,10.0,62.0,41.0,0.8,30.0,2019-01-26,2019-01,Jan-19
2019-01-27,,,0.7,259.0,927.3,24.0,0.0,28.0,15.0,0.6,2.0,2019-01-27,2019-01,Jan-19
2019-01-28,,,0.9,103.0,928.4,36.0,0.0,20.0,11.0,0.5,9.0,2019-01-28,2019-01,Jan-19
2019-01-29,,,1.0,888.0,929.1,42.0,0.0,11.0,6.0,0.3,14.0,2019-01-29,2019-01,Jan-19
2019-01-30,,,1.3,102.0,927.3,45.0,0.0,26.0,14.0,0.4,17.0,2019-01-30,2019-01,Jan-19
2019-01-31,,,0.5,69.0,926.4,41.0,0.0,67.0,35.0,0.9,10.0,2019-01-31,2019-01,Jan-19
2019-07-01,,,0.8,300.0,926.8,1.0,19.0,64.0,49.0,1.1,18.0,2019-07-01,2019-07,Jul-19
2019-07-02,,,0.8,127.0,923.9,1.0,23.0,63.0,52.0,0.9,28.0,2019-07-02,2019-07,Jul-19
2019-07-03,,,1.0,309.0,920.3,4.0,6.0,79.0,46.0,0.7,33.0,2019-07-03,2019-07,Jul-19
2019-07-04,,,2.2,126.0,921.5,28.0,0.0,11.0,6.0,0.3,7.0,2019-07-04,2019-07,Jul-19
2019-07-05,,,1.7,129.0,923.4,36.0,0.0,15.0,8.0,0.3,5.0,2019-07-05,2019-07,Jul-19
2019-07-06,,,0.9,330.0,927.9,2.0,50.0,46.0,65.0,1.0,12.0,2019-07-06,2019-07,Jul-19
2019-07-07,,,1.7,138.0,932.7,37.0,,,,0.3,5.0,2019-07-07,2019-07,Jul-19
2019-07-08,,,1.6,116.0,935.2,43.0,,,,0.2,4.0,2019-07-08,2019-07,Jul-19
2019-07-09,,,0.9,113.0,933.6,36.0,,,,0.3,24.0,2019-07-09,2019-07,Jul-19
2019-07-10,,,0.6,308.0,933.0,8.0,,,,0.6,19.0,2019-07-10,2019-07,Jul-19
2019-07-11,,,0.0,777.0,928.7,2.0,,,,2.5,48.0,2019-07-11,2019-07,Jul-19
2019-07-12,,,0.7,116.0,928.2,5.0,109.0,80.0,131.0,2.3,26.0,2019-07-12,2019-07,Jul-19
2019-07-13,,,0.7,97.0,927.3,2.0,71.0,116.0,119.0,2.2,52.0,2019-07-13,2019-07,Jul-19
2019-07-14,,,0.0,777.0,927.1,5.0,136.0,108.0,169.0,4.1,93.0,2019-07-14,2019-07,Jul-19
2019-07-15,,,0.0,777.0,925.8,2.0,98.0,88.0,126.0,2.4,39.0,2019-07-15,2019-07,Jul-19
2019-07-16,,,1.9,314.0,926.4,24.0,1.0,34.0,19.0,0.4,18.0,2019-07-16,2019-07,Jul-19
2019-07-17,,,0.8,119.0,932.7,37.0,0.0,25.0,14.0,0.3,3.0,2019-07-17,2019-07,Jul-19
2019-07-18,,,1.4,106.0,934.1,36.0,1.0,16.0,9.0,0.3,11.0,2019-07-18,2019-07,Jul-19
2019-07-19,,,1.0,269.0,934.0,36.0,1.0,18.0,10.0,0.3,8.0,2019-07-19,2019-07,Jul-19
2019-07-20,,,0.0,777.0,932.4,3.0,36.0,71.0,67.0,1.3,18.0,2019-07-20,2019-07,Jul-19
2019-07-21,,,0.9,101.0,930.6,2.0,47.0,59.0,69.0,1.5,59.0,2019-07-21,2019-07,Jul-19
2019-07-22,,,1.1,259.0,930.2,22.0,0.0,37.0,20.0,0.5,21.0,2019-07-22,2019-07,Jul-19
2019-07-23,,,0.7,45.0,930.5,2.0,63.0,65.0,86.0,1.2,34.0,2019-07-23,2019-07,Jul-19
2019-07-24,,,0.0,777.0,930.2,2.0,127.0,83.0,147.0,2.7,38.0,2019-07-24,2019-07,Jul-19
2019-07-25,,,0.0,777.0,930.7,23.0,5.0,78.0,45.0,0.9,25.0,2019-07-25,2019-07,Jul-19
2019-07-26,,,1.2,102.0,932.3,51.0,0.0,21.0,11.0,0.4,12.0,2019-07-26,2019-07,Jul-19
2019-07-27,,,0.7,169.0,932.2,2.0,51.0,87.0,87.0,1.6,43.0,2019-07-27,2019-07,Jul-19
2019-07-28,,,1.7,116.0,933.3,61.0,0.0,15.0,8.0,0.3,19.0,2019-07-28,2019-07,Jul-19
2019-07-29,,,1.3,113.0,932.6,53.0,0.0,11.0,6.0,0.3,10.0,2019-07-29,2019-07,Jul-19
2019-07-30,,,0.9,100.0,929.7,18.0,1.0,31.0,17.0,0.4,12.0,2019-07-30,2019-07,Jul-19
2019-07-31,,,0.9,301.0,928.2,0.0,28.0,62.0,56.0,1.0,11.0,2019-07-31,2019-07,Jul-19
2019-10-01,,,1.6,111.0,926.4,30.0,3.0,27.0,17.0,0.3,34.0,2019-10-01,2019-10,Oct-19
2019-10-02,,,0.7,280.0,924.6,36.0,2.0,45.0,25.0,0.6,14.0,2019-10-02,2019-10,Oct-19
2019-10-03,,,0.7,94.0,924.2,2.0,53.0,109.0,101.0,1.7,24.0,2019-10-03,2019-10,Oct-19
2019-10-04,,,2.2,130.0,928.5,70.0,0.0,12.0,6.0,,11.0,2019-10-04,2019-10,Oct-19
2019-10-05,,,1.0,133.0,925.8,68.0,1.0,17.0,9.0,,18.0,2019-10-05,2019-10,Oct-19
2019-10-06,,,2.0,124.0,925.0,66.0,1.0,12.0,7.0,,12.0,2019-10-06,2019-10,Oct-19
2019-10-07,,,1.9,156.0,925.7,47.0,8.0,20.0,17.0,,1.0,2019-10-07,2019-10,Oct-19
2019-10-08,,,1.7,114.0,925.6,74.0,2.0,7.0,5.0,,6.0,2019-10-08,2019-10,Oct-19
2019-10-09,,,1.7,123.0,926.2,56.0,4.0,19.0,13.0,,13.0,2019-10-09,2019-10,Oct-19
2019-10-10,,,1.8,117.0,926.7,49.0,4.0,15.0,11.0,,8.0,2019-10-10,2019-10,Oct-19
2019-10-11,,,,,,,,,,,,2019-10-11,2019-10,Oct-19
2019-10-12,,,,,,,,,,,,2019-10-12,2019-10,Oct-19
2019-10-13,,,,,,,,,,,,2019-10-13,2019-10,Oct-19
2019-10-14,,,,,,,,,,,,2019-10-14,2019-10,Oct-19
2019-10-15,,,,,,,,,,,,2019-10-15,2019-10,Oct-19
2019-10-16,,,,,,,,,,,,2019-10-16,2019-10,Oct-19
2019-10-17,,,,,,,,,,,,2019-10-17,2019-10,Oct-19
2019-10-18,,,1.4,115.0,925.9,44.0,0.0,3.0,2.0,,29.0,2019-10-18,2019-10,Oct-19
2019-10-19,,,1.8,140.0,926.2,37.0,,,,0.4,33.0,2019-10-19,2019-10,Oct-19
2019-10-20,,,2.7,135.0,927.7,48.0,,,,0.2,1.0,2019-10-20,2019-10,Oct-19
2019-10-21,,,2.0,124.0,924.8,37.0,,,,0.2,4.0,2019-10-21,2019-10,Oct-19
2019-10-22,,,1.0,77.0,921.0,0.0,,,,0.8,23.0,2019-10-22,2019-10,Oct-19
2019-10-23,,,1.9,119.0,925.1,54.0,,,,0.3,12.0,2019-10-23,2019-10,Oct-19
2019-10-24,,,2.1,121.0,927.0,46.0,,,,0.2,3.0,2019-10-24,2019-10,Oct-19
2019-10-25,,,0.6,149.0,925.2,2.0,,,,1.1,42.0,2019-10-25,2019-10,Oct-19
2019-10-26,,,1.6,119.0,926.2,44.0,,,,0.3,11.0,2019-10-26,2019-10,Oct-19
2019-10-27,,,1.0,266.0,926.8,31.0,,,,0.4,22.0,2019-10-27,2019-10,Oct-19
2019-10-28,,,0.9,95.0,924.4,17.0,,,,0.9,15.0,2019-10-28,2019-10,Oct-19
2019-10-29,,,1.3,307.0,923.5,28.0,,,,0.6,20.0,2019-10-29,2019-10,Oct-19
2019-10-30,,,1.1,156.0,924.3,101.0,,,,0.5,10.0,2019-10-30,2019-10,Oct-19
2019-10-31,,,2.2,125.0,925.9,59.0,,,,0.3,15.0,2019-10-31,2019-10,Oct-19
2020-02-01,,,1.8,302.0,925.1,1.0,13.0,45.0,34.0,0.7,8.0,2020-02-01,2020-02,Feb-20
2020-02-02,,,0.8,275.0,926.1,11.0,2.0,35.0,21.0,0.8,6.0,2020-02-02,2020-02,Feb-20
2020-02-03,,,1.0,131.0,926.8,37.0,0.0,12.0,6.0,0.4,3.0,2020-02-03,2020-02,Feb-20
2020-02-04,,,2.1,126.0,926.3,46.0,0.0,6.0,3.0,0.2,6.0,2020-02-04,2020-02,Feb-20
2020-02-05,,,1.2,135.0,925.2,13.0,2.0,27.0,16.0,0.4,19.0,2020-02-05,2020-02,Feb-20
2020-02-06,,,1.0,259.0,925.5,31.0,0.0,20.0,11.0,0.4,8.0,2020-02-06,2020-02,Feb-20
2020-02-07,,,1.4,124.0,,34.0,1.0,15.0,9.0,0.4,15.0,2020-02-07,2020-02,Feb-20
2020-02-08,,,0.8,303.0,,13.0,2.0,29.0,17.0,0.6,18.0,2020-02-08,2020-02,Feb-20
2020-02-09,,,0.6,277.0,,,19.0,51.0,42.0,1.5,20.0,2020-02-09,2020-02,Feb-20
2020-02-10,,,2.0,300.0,,,1.0,19.0,11.0,0.4,4.0,2020-02-10,2020-02,Feb-20
2020-02-11,,,2.0,122.0,,32.0,,,,,6.0,2020-02-11,2020-02,Feb-20
2020-02-12,,,1.6,113.0,,25.0,1.0,9.0,5.0,0.2,13.0,2020-02-12,2020-02,Feb-20
2020-02-13,,,1.8,128.0,,27.0,1.0,10.0,6.0,0.2,3.0,2020-02-13,2020-02,Feb-20
2020-02-14,,,2.0,124.0,,38.0,1.0,8.0,5.0,0.2,1.0,2020-02-14,2020-02,Feb-20
2020-02-15,,,1.1,261.0,,27.0,0.0,13.0,7.0,0.3,4.0,2020-02-15,2020-02,Feb-20
2020-02-16,,,0.6,314.0,,28.0,0.0,36.0,19.0,0.7,18.0,2020-02-16,2020-02,Feb-20
2020-02-17,,,1.1,140.0,,56.0,0.0,10.0,6.0,0.4,2.0,2020-02-17,2020-02,Feb-20
2020-02-18,,,1.1,298.0,,15.0,0.0,30.0,16.0,0.5,40.0,2020-02-18,2020-02,Feb-20
2020-02-19,,,1.4,304.0,,12.0,1.0,57.0,31.0,0.7,22.0,2020-02-19,2020-02,Feb-20
2020-02-20,,,0.9,311.0,,3.0,6.0,61.0,38.0,0.9,19.0,2020-02-20,2020-02,Feb-20
2020-02-21,,,1.1,299.0,,1.0,20.0,72.0,54.0,1.0,7.0,2020-02-21,2020-02,Feb-20
2020-02-22,,,1.3,115.0,,18.0,2.0,26.0,15.0,0.5,9.0,2020-02-22,2020-02,Feb-20
2020-02-23,,,2.7,128.0,,43.0,0.0,5.0,3.0,0.2,1.0,2020-02-23,2020-02,Feb-20
2020-02-24,,,1.1,142.0,,30.0,1.0,6.0,4.0,0.2,8.0,2020-02-24,2020-02,Feb-20
2020-02-25,,,1.2,265.0,,17.0,1.0,18.0,10.0,0.4,3.0,2020-02-25,2020-02,Feb-20
2020-02-26,,,1.2,296.0,,28.0,1.0,19.0,11.0,0.4,9.0,2020-02-26,2020-02,Feb-20
2020-02-27,,,2.5,147.0,,41.0,0.0,11.0,6.0,0.3,2.0,2020-02-27,2020-02,Feb-20
2020-02-28,,,1.5,114.0,,27.0,1.0,12.0,7.0,0.2,6.0,2020-02-28,2020-02,Feb-20
2020-02-29,,,1.7,127.0,,25.0,2.0,13.0,9.0,0.3,8.0,2020-02-29,2020-02,Feb-20
2020-03-01,,,3.0,120.0,,31.0,1.0,7.0,5.0,0.2,4.0,2020-03-01,2020-03,Mar-20
2020-03-02,,,3.3,122.0,,22.0,1.0,5.0,4.0,0.2,2.0,2020-03-02,2020-03,Mar-20
2020-03-03,,,3.1,138.0,,40.0,1.0,6.0,4.0,0.2,4.0,2020-03-03,2020-03,Mar-20
2020-03-04,,,1.5,130.0,,27.0,1.0,13.0,8.0,0.3,3.0,2020-03-04,2020-03,Mar-20
2020-03-05,,,1.1,124.0,,21.0,2.0,14.0,9.0,0.3,7.0,2020-03-05,2020-03,Mar-20
2020-03-06,,,1.4,127.0,,23.0,1.0,11.0,7.0,0.3,12.0,2020-03-06,2020-03,Mar-20
2020-03-07,,,2.0,124.0,,28.0,2.0,12.0,8.0,0.3,23.0,2020-03-07,2020-03,Mar-20
2020-03-08,,,1.2,113.0,,23.0,1.0,12.0,7.0,0.3,18.0,2020-03-08,2020-03,Mar-20
2020-03-09,,,1.2,112.0,,28.0,0.0,15.0,8.0,0.3,10.0,2020-03-09,2020-03,Mar-20
2020-03-10,,,1.4,111.0,,41.0,1.0,12.0,7.0,0.3,8.0,2020-03-10,2020-03,Mar-20
2020-03-11,,,1.5,112.0,,51.0,1.0,11.0,6.0,0.3,10.0,2020-03-11,2020-03,Mar-20
2020-03-12,,,1.6,111.0,,42.0,1.0,12.0,7.0,0.3,5.0,2020-03-12,2020-03,Mar-20
2020-03-13,,,1.6,112.0,,56.0,0.0,9.0,5.0,0.3,12.0,2020-03-13,2020-03,Mar-20
2020-03-14,,,1.5,122.0,,83.0,0.0,15.0,8.0,0.4,30.0,2020-03-14,2020-03,Mar-20
2020-03-15,,,0.8,287.0,,45.0,0.0,20.0,11.0,0.4,23.0,2020-03-15,2020-03,Mar-20
2020-03-16,,,1.5,308.0,,37.0,0.0,32.0,17.0,0.4,9.0,2020-03-16,2020-03,Mar-20
2020-03-17,,,1.1,294.0,,10.0,2.0,55.0,31.0,0.6,14.0,2020-03-17,2020-03,Mar-20
2020-03-18,,,1.0,112.0,,48.0,0.0,12.0,7.0,0.3,8.0,2020-03-18,2020-03,Mar-20
2020-03-19,,,0.9,4.0,924.1,8.0,3.0,60.0,34.0,0.6,48.0,2020-03-19,2020-03,Mar-20
2020-03-20,,,1.7,309.0,920.0,22.0,1.0,37.0,20.0,0.4,22.0,2020-03-20,2020-03,Mar-20
2020-03-21,,,1.8,116.0,921.7,49.0,0.0,3.0,2.0,0.3,12.0,2020-03-21,2020-03,Mar-20
2020-03-22,,,1.6,127.0,926.4,37.0,0.0,7.0,4.0,0.3,6.0,2020-03-22,2020-03,Mar-20
2020-03-23,,,2.0,123.0,929.4,40.0,0.0,3.0,2.0,0.2,12.0,2020-03-23,2020-03,Mar-20
2020-03-24,,,1.4,123.0,929.9,32.0,1.0,6.0,4.0,0.2,16.0,2020-03-24,2020-03,Mar-20
2020-03-25,,,1.7,112.0,928.3,33.0,1.0,7.0,4.0,0.2,8.0,2020-03-25,2020-03,Mar-20
2020-03-26,,,1.2,116.0,927.5,31.0,1.0,8.0,5.0,0.2,17.0,2020-03-26,2020-03,Mar-20
2020-03-27,,,1.3,119.0,927.0,36.0,1.0,8.0,5.0,0.2,3.0,2020-03-27,2020-03,Mar-20
2020-03-28,,,1.3,122.0,927.1,34.0,1.0,10.0,6.0,0.2,10.0,2020-03-28,2020-03,Mar-20
2020-03-29,,,1.0,102.0,927.5,27.0,1.0,17.0,10.0,0.3,12.0,2020-03-29,2020-03,Mar-20
2020-03-30,,,0.7,302.0,929.0,28.0,0.0,11.0,6.0,0.4,7.0,2020-03-30,2020-03,Mar-20
2020-03-31,,,1.3,112.0,927.0,28.0,1.0,11.0,7.0,0.3,10.0,2020-03-31,2020-03,Mar-20
2020-08-01,,,1.2,132.0,934.7,30.0,1.0,18.0,10.0,0.3,6.0,2020-08-01,2020-08,Aug-20
2020-08-02,,,1.1,126.0,933.6,,0.0,18.0,10.0,0.3,20.0,2020-08-02,2020-08,Aug-20
2020-08-03,,,0.7,289.0,935.6,,1.0,24.0,13.0,0.5,20.0,2020-08-03,2020-08,Aug-20
2020-08-04,,,1.0,146.0,936.1,,1.0,22.0,12.0,0.3,,2020-08-04,2020-08,Aug-20
2020-08-05,,,1.5,128.0,936.3,,0.0,13.0,7.0,0.2,,2020-08-05,2020-08,Aug-20
2020-08-06,,,1.5,121.0,934.7,,1.0,19.0,10.0,0.3,,2020-08-06,2020-08,Aug-20
2020-08-07,,,0.7,95.0,934.2,,15.0,56.0,42.0,1.1,,2020-08-07,2020-08,Aug-20
2020-08-08,,,0.8,315.0,933.9,,4.0,49.0,29.0,0.8,,2020-08-08,2020-08,Aug-20
2020-08-09,,,1.7,124.0,933.3,,2.0,28.0,16.0,0.5,,2020-08-09,2020-08,Aug-20
2020-08-10,,,0.8,89.0,929.7,,15.0,50.0,39.0,1.3,,2020-08-10,2020-08,Aug-20
2020-08-11,,,0.8,148.0,926.4,,2.0,62.0,35.0,0.7,,2020-08-11,2020-08,Aug-20
2020-08-12,,,1.2,98.0,927.1,47.0,1.0,36.0,20.0,0.5,22.0,2020-08-12,2020-08,Aug-20
2020-08-13,,,0.8,125.0,925.0,24.0,2.0,30.0,17.0,0.4,5.0,2020-08-13,2020-08,Aug-20
2020-08-14,,,1.2,291.0,923.8,9.0,4.0,69.0,40.0,0.8,27.0,2020-08-14,2020-08,Aug-20
2020-08-15,,,1.4,263.0,922.2,32.0,1.0,38.0,21.0,0.6,21.0,2020-08-15,2020-08,Aug-20
2020-08-16,,,1.0,244.0,924.0,51.0,0.0,13.0,7.0,0.4,9.0,2020-08-16,2020-08,Aug-20
2020-08-17,,,1.2,319.0,926.4,1.0,24.0,55.0,49.0,1.3,19.0,2020-08-17,2020-08,Aug-20
2020-08-18,,,1.5,286.0,927.0,17.0,1.0,47.0,25.0,0.5,7.0,2020-08-18,2020-08,Aug-20
2020-08-19,,,1.1,135.0,923.2,9.0,7.0,32.0,23.0,0.6,29.0,2020-08-19,2020-08,Aug-20
2020-08-20,,,1.7,130.0,927.5,52.0,0.0,11.0,6.0,0.3,2.0,2020-08-20,2020-08,Aug-20
2020-08-21,,,1.9,146.0,931.7,45.0,0.0,9.0,5.0,0.2,2.0,2020-08-21,2020-08,Aug-20
2020-08-22,,,2.1,150.0,932.7,47.0,0.0,11.0,6.0,0.2,6.0,2020-08-22,2020-08,Aug-20
2020-08-23,,,0.9,147.0,933.7,32.0,1.0,17.0,10.0,0.4,3.0,2020-08-23,2020-08,Aug-20
2020-08-24,,,1.3,123.0,932.3,40.0,0.0,11.0,6.0,0.2,10.0,2020-08-24,2020-08,Aug-20
2020-08-25,,,1.1,121.0,930.9,42.0,1.0,13.0,7.0,0.2,8.0,2020-08-25,2020-08,Aug-20
2020-08-26,,,0.8,303.0,929.6,37.0,1.0,15.0,9.0,0.3,5.0,2020-08-26,2020-08,Aug-20
2020-08-27,,,1.0,123.0,928.9,32.0,1.0,17.0,10.0,0.3,5.0,2020-08-27,2020-08,Aug-20
2020-08-28,,,0.8,96.0,928.6,2.0,111.0,55.0,120.0,1.8,36.0,2020-08-28,2020-08,Aug-20
2020-08-29,,,0.6,131.0,926.9,2.0,,,,2.1,4.0,2020-08-29,2020-08,Aug-20
2020-08-30,,,0.0,777.0,925.1,2.0,,,,2.3,50.0,2020-08-30,2020-08,Aug-20
2020-08-31,,,1.8,127.0,930.4,66.0,,,,0.3,4.0,2020-08-31,2020-08,Aug-20
2020-10-01,,,1.5,139.0,927.0,38.0,1.0,24.0,13.0,0.4,7.0,2020-10-01,2020-10,Oct-20
2020-10-02,,,1.0,70.0,922.8,3.0,77.0,120.0,126.0,2.7,37.0,2020-10-02,2020-10,Oct-20
2020-10-03,,,0.6,92.0,923.4,14.0,6.0,134.0,76.0,2.5,75.0,2020-10-03,2020-10,Oct-20
2020-10-04,,,3.1,124.0,928.9,59.0,,,,0.4,2.0,2020-10-04,2020-10,Oct-20
2020-10-05,,,1.5,119.0,927.6,41.0,,,,0.3,5.0,2020-10-05,2020-10,Oct-20
2020-10-06,,,0.7,143.0,923.3,1.0,,,,1.3,53.0,2020-10-06,2020-10,Oct-20
2020-10-07,,,1.1,149.0,926.1,20.0,0.0,26.0,14.0,0.4,0.0,2020-10-07,2020-10,Oct-20
2020-10-08,,,1.4,888.0,923.1,3.0,36.0,93.0,79.0,1.9,46.0,2020-10-08,2020-10,Oct-20
2020-10-09,,,1.0,270.0,924.6,55.0,,,,0.5,5.0,2020-10-09,2020-10,Oct-20
2020-10-10,,,0.9,334.0,924.0,38.0,1.0,21.0,12.0,0.3,11.0,2020-10-10,2020-10,Oct-20
2020-10-11,,,1.8,122.0,926.6,50.0,,,,0.3,9.0,2020-10-11,2020-10,Oct-20
2020-10-12,,,1.8,123.0,928.4,46.0,,,,0.3,9.0,2020-10-12,2020-10,Oct-20
2020-10-13,,,0.7,331.0,925.8,23.0,,,,0.7,11.0,2020-10-13,2020-10,Oct-20
2020-10-14,,,0.8,314.0,923.6,32.0,,,,0.6,23.0,2020-10-14,2020-10,Oct-20
2020-10-15,,,2.0,141.0,927.1,60.0,,,,0.3,24.0,2020-10-15,2020-10,Oct-20
2020-10-16,,,2.7,124.0,930.5,60.0,,,,0.3,6.0,2020-10-16,2020-10,Oct-20
2020-10-17,,,2.6,124.0,930.6,47.0,,,,0.4,20.0,2020-10-17,2020-10,Oct-20
2020-10-18,,,1.8,112.0,928.3,47.0,,,,,11.0,2020-10-18,2020-10,Oct-20
2020-10-19,,,1.3,123.0,925.5,46.0,,,,0.4,20.0,2020-10-19,2020-10,Oct-20
2020-10-20,,,0.8,121.0,926.6,23.0,,,,0.4,27.0,2020-10-20,2020-10,Oct-20
2020-10-21,,,0.9,280.0,927.5,44.0,,,,0.7,30.0,2020-10-21,2020-10,Oct-20
2020-10-22,,,2.1,125.0,929.9,53.0,,,,0.3,7.0,2020-10-22,2020-10,Oct-20
2020-10-23,,,2.3,118.0,929.8,41.0,,,,0.2,1.0,2020-10-23,2020-10,Oct-20
2020-10-24,,,0.9,888.0,925.4,29.0,,,,0.4,11.0,2020-10-24,2020-10,Oct-20
2020-10-25,,,1.0,115.0,922.2,2.0,,,,1.1,19.0,2020-10-25,2020-10,Oct-20
2020-10-26,,,1.7,148.0,922.0,60.0,,,,0.4,4.0,2020-10-26,2020-10,Oct-20
2020-10-27,,,1.3,305.0,919.4,16.0,,,,0.5,6.0,2020-10-27,2020-10,Oct-20
2020-10-28,,,0.7,96.0,916.8,23.0,,,,0.7,24.0,2020-10-28,2020-10,Oct-20
2020-10-29,,,0.8,336.0,920.2,30.0,,,,0.7,16.0,2020-10-29,2020-10,Oct-20
2020-10-30,,,2.1,124.0,924.9,46.0,,,,0.4,8.0,2020-10-30,2020-10,Oct-20
2020-10-31,,,3.0,124.0,928.4,60.0,,,,0.3,5.0,2020-10-31,2020-10,Oct-20
2020-11-01,,,2.5,128.0,927.4,42.0,,,,,4.0,2020-11-01,2020-11,Nov-20
2020-11-02,,,1.9,115.0,926.7,35.0,,,,0.2,5.0,2020-11-02,2020-11,Nov-20
2020-11-03,,,1.3,123.0,926.1,36.0,,,,0.2,1.0,2020-11-03,2020-11,Nov-20
2020-11-04,,,1.6,131.0,925.9,35.0,,,,0.4,4.0,2020-11-04,2020-11,Nov-20
2020-11-05,,,2.0,127.0,925.5,44.0,,,,0.3,5.0,2020-11-05,2020-11,Nov-20
2020-11-06,,,1.3,119.0,925.5,47.0,,,,,2.0,2020-11-06,2020-11,Nov-20
2020-11-07,,,1.7,120.0,928.8,35.0,,,,0.4,1.0,2020-11-07,2020-11,Nov-20
2020-11-08,,,1.3,124.0,929.4,52.0,,,,0.6,9.0,2020-11-08,2020-11,Nov-20
2020-11-09,,,1.1,116.0,927.7,34.0,,,,,6.0,2020-11-09,2020-11,Nov-20
2020-11-10,,,1.6,241.0,928.3,43.0,,,,0.2,1.0,2020-11-10,2020-11,Nov-20
2020-11-11,,,0.9,113.0,926.0,21.0,,,,0.6,19.0,2020-11-11,2020-11,Nov-20
2020-11-12,,,1.2,290.0,923.3,41.0,,,,0.4,25.0,2020-11-12,2020-11,Nov-20
2020-11-13,,,1.1,105.0,923.5,38.0,,,,0.5,5.0,2020-11-13,2020-11,Nov-20
2020-11-14,,,0.9,111.0,923.1,28.0,,,,0.2,1.0,2020-11-14,2020-11,Nov-20
2020-11-15,,,1.6,129.0,923.7,16.0,,,,0.6,8.0,2020-11-15,2020-11,Nov-20
2020-11-16,,,0.9,289.0,921.9,55.0,,,,0.5,13.0,2020-11-16,2020-11,Nov-20
2020-11-17,,,2.2,125.0,919.1,51.0,,,,0.4,14.0,2020-11-17,2020-11,Nov-20
2020-11-18,,,1.8,126.0,922.6,37.0,,,,0.2,4.0,2020-11-18,2020-11,Nov-20
2020-11-19,,,1.6,114.0,920.8,33.0,,,,0.3,5.0,2020-11-19,2020-11,Nov-20
2020-11-20,,,2.8,124.0,924.4,47.0,,,,0.2,5.0,2020-11-20,2020-11,Nov-20
2020-11-21,,,1.5,114.0,925.1,21.0,9.0,16.0,15.0,0.3,3.0,2020-11-21,2020-11,Nov-20
2020-11-22,,,1.8,121.0,927.4,32.0,,,,0.3,6.0,2020-11-22,2020-11,Nov-20
2020-11-23,,,1.5,123.0,929.1,32.0,13.0,15.0,19.0,0.3,10.0,2020-11-23,2020-11,Nov-20
2020-11-24,,,1.8,121.0,930.6,29.0,0.0,11.0,6.0,0.2,16.0,2020-11-24,2020-11,Nov-20
2020-11-25,,,1.1,252.0,929.0,36.0,4.0,15.0,11.0,0.4,7.0,2020-11-25,2020-11,Nov-20
2020-11-26,,,0.8,162.0,926.5,15.0,14.0,45.0,35.0,0.6,20.0,2020-11-26,2020-11,Nov-20
2020-11-27,,,1.2,304.0,926.3,8.0,,,,0.8,31.0,2020-11-27,2020-11,Nov-20
2020-11-28,,,1.8,126.0,929.1,44.0,,,,0.3,22.0,2020-11-28,2020-11,Nov-20
2020-11-29,,,1.5,116.0,928.5,49.0,,,,0.3,15.0,2020-11-29,2020-11,Nov-20
2020-11-30,,,1.0,304.0,925.4,36.0,,,,0.7,20.0,2020-11-30,2020-11,Nov-20
2020-12-01,,,1.1,310.0,925.7,5.0,,,,0.7,14.0,2020-12-01,2020-12,Dec-20
2020-12-02,,,1.4,134.0,924.9,44.0,3.0,11.0,8.0,0.3,1.0,2020-12-02,2020-12,Dec-20
2020-12-03,,,1.1,308.0,922.4,8.0,1.0,34.0,19.0,0.6,9.0,2020-12-03,2020-12,Dec-20
2020-12-04,,,1.9,302.0,923.2,42.0,0.0,29.0,16.0,0.4,0.0,2020-12-04,2020-12,Dec-20
2020-12-05,,,1.9,116.0,927.3,49.0,0.0,8.0,4.0,0.2,7.0,2020-12-05,2020-12,Dec-20
2020-12-06,,,2.8,122.0,927.4,38.0,0.0,9.0,5.0,,0.0,2020-12-06,2020-12,Dec-20
2020-12-07,,,1.9,124.0,925.0,32.0,0.0,7.0,4.0,,8.0,2020-12-07,2020-12,Dec-20
2020-12-08,,,1.4,114.0,923.7,19.0,1.0,16.0,9.0,,12.0,2020-12-08,2020-12,Dec-20
2020-12-09,,,1.1,126.0,924.6,20.0,1.0,14.0,8.0,0.4,13.0,2020-12-09,2020-12,Dec-20
2020-12-10,,,1.7,129.0,925.2,29.0,0.0,8.0,5.0,0.4,1.0,2020-12-10,2020-12,Dec-20
2020-12-11,,,1.6,114.0,925.0,16.0,1.0,17.0,10.0,0.3,9.0,2020-12-11,2020-12,Dec-20
2020-12-12,,,1.4,282.0,925.3,27.0,1.0,26.0,15.0,0.4,16.0,2020-12-12,2020-12,Dec-20
2020-12-13,,,1.0,144.0,925.0,27.0,0.0,32.0,17.0,1.0,15.0,2020-12-13,2020-12,Dec-20
2020-12-14,,,1.6,290.0,923.7,28.0,0.0,19.0,10.0,0.4,1.0,2020-12-14,2020-12,Dec-20
2020-12-15,,,1.4,135.0,923.8,50.0,0.0,19.0,10.0,0.4,4.0,2020-12-15,2020-12,Dec-20
2020-12-16,,,1.2,126.0,924.8,31.0,1.0,25.0,14.0,0.4,3.0,2020-12-16,2020-12,Dec-20
2020-12-17,,,2.0,308.0,925.2,30.0,1.0,33.0,18.0,0.5,8.0,2020-12-17,2020-12,Dec-20
2020-12-18,,,0.9,300.0,923.5,8.0,3.0,49.0,28.0,0.8,9.0,2020-12-18,2020-12,Dec-20
2020-12-19,,,1.6,125.0,922.2,30.0,0.0,9.0,5.0,0.3,14.0,2020-12-19,2020-12,Dec-20
2020-12-20,,,1.8,302.0,922.3,49.0,0.0,18.0,10.0,,30.0,2020-12-20,2020-12,Dec-20
2020-12-21,,,1.0,231.0,923.0,83.0,0.0,7.0,4.0,,7.0,2020-12-21,2020-12,Dec-20
2020-12-22,,,1.7,135.0,924.4,36.0,1.0,14.0,8.0,0.4,12.0,2020-12-22,2020-12,Dec-20
2020-12-23,,,1.9,118.0,925.0,45.0,0.0,7.0,4.0,0.3,26.0,2020-12-23,2020-12,Dec-20
2020-12-24,,,1.8,125.0,925.3,30.0,1.0,12.0,8.0,,2.0,2020-12-24,2020-12,Dec-20
2020-12-25,,,2.0,121.0,925.5,31.0,0.0,4.0,2.0,,12.0,2020-12-25,2020-12,Dec-20
2020-12-26,,,1.6,129.0,924.7,21.0,,,,,1.0,2020-12-26,2020-12,Dec-20
2020-12-27,,,1.4,123.0,924.3,21.0,,,,,11.0,2020-12-27,2020-12,Dec-20
2020-12-28,,,1.2,290.0,926.5,13.0,,,,,4.0,2020-12-28,2020-12,Dec-20
2020-12-29,,,1.4,292.0,925.4,23.0,3.0,32.0,20.0,,9.0,2020-12-29,2020-12,Dec-20
2020-12-30,,,1.6,318.0,923.0,18.0,5.0,37.0,24.0,,4.0,2020-12-30,2020-12,Dec-20
2020-12-31,,,1.9,314.0,922.5,36.0,2.0,22.0,14.0,,5.0,2020-12-31,2020-12,Dec-20
2021-01-01,,,1.7,315.0,923.8,36.0,2.0,13.0,9.0,,25.0,2021-01-01,2021-01,Jan-21
2021-01-02,,,2.4,129.0,926.1,48.0,1.0,3.0,2.0,,0.0,2021-01-02,2021-01,Jan-21
2021-01-03,,,2.1,128.0,924.1,33.0,4.0,6.0,6.0,,3.0,2021-01-03,2021-01,Jan-21
2021-01-04,,,1.9,127.0,924.3,25.0,4.0,4.0,6.0,,2.0,2021-01-04,2021-01,Jan-21
2021-01-05,,,1.3,114.0,924.5,34.0,,,,,3.0,2021-01-05,2021-01,Jan-21
2021-01-06,,,1.0,281.0,923.0,29.0,,,,,18.0,2021-01-06,2021-01,Jan-21
2021-01-07,,,1.8,311.0,923.1,23.0,,,,,7.0,2021-01-07,2021-01,Jan-21
2021-01-08,,,1.6,325.0,923.3,11.0,,,,,5.0,2021-01-08,2021-01,Jan-21
2021-01-09,,,1.3,125.0,923.7,71.0,0.0,12.0,6.0,,21.0,2021-01-09,2021-01,Jan-21
2021-01-10,,,1.4,124.0,924.4,33.0,0.0,9.0,5.0,,7.0,2021-01-10,2021-01,Jan-21
2021-01-11,,,1.1,139.0,924.2,43.0,0.0,8.0,4.0,,15.0,2021-01-11,2021-01,Jan-21
2021-01-12,,,1.0,159.0,923.5,26.0,0.0,18.0,9.0,,7.0,2021-01-12,2021-01,Jan-21
2021-01-13,,,1.9,135.0,924.4,56.0,0.0,7.0,4.0,,12.0,2021-01-13,2021-01,Jan-21
2021-01-14,,,1.8,122.0,925.1,45.0,0.0,6.0,3.0,,18.0,2021-01-14,2021-01,Jan-21
2021-01-15,,,1.3,126.0,925.9,32.0,0.0,10.0,6.0,,29.0,2021-01-15,2021-01,Jan-21
2021-01-16,,,1.2,292.0,923.4,8.0,2.0,34.0,20.0,,6.0,2021-01-16,2021-01,Jan-21
2021-01-17,,,1.5,302.0,921.9,6.0,5.0,40.0,26.0,,12.0,2021-01-17,2021-01,Jan-21
2021-01-18,,,2.0,316.0,922.0,39.0,0.0,12.0,6.0,,9.0,2021-01-18,2021-01,Jan-21
2021-01-19,,,1.4,130.0,924.2,60.0,0.0,9.0,5.0,,9.0,2021-01-19,2021-01,Jan-21
2021-01-20,,,1.1,120.0,926.2,25.0,0.0,11.0,6.0,,17.0,2021-01-20,2021-01,Jan-21
2021-01-21,,,1.5,119.0,926.1,38.0,0.0,10.0,6.0,,11.0,2021-01-21,2021-01,Jan-21
2021-01-22,,,1.5,126.0,928.0,43.0,0.0,13.0,7.0,,16.0,2021-01-22,2021-01,Jan-21
2021-01-23,,,1.9,134.0,929.0,50.0,0.0,10.0,6.0,,15.0,2021-01-23,2021-01,Jan-21
2021-01-24,,,1.1,124.0,926.6,35.0,0.0,18.0,10.0,,18.0,2021-01-24,2021-01,Jan-21
2021-01-25,,,0.8,259.0,924.8,50.0,0.0,12.0,7.0,,23.0,2021-01-25,2021-01,Jan-21
2021-01-26,,,1.4,321.0,925.2,38.0,0.0,27.0,15.0,,14.0,2021-01-26,2021-01,Jan-21
2021-01-27,,,0.9,307.0,924.0,5.0,6.0,60.0,36.0,,31.0,2021-01-27,2021-01,Jan-21
2021-01-28,,,0.7,344.0,922.5,11.0,2.0,55.0,31.0,,13.0,2021-01-28,2021-01,Jan-21
2021-01-29,,,0.7,302.0,922.9,32.0,0.0,37.0,20.0,,11.0,2021-01-29,2021-01,Jan-21
2021-01-30,,,0.9,162.0,924.0,56.0,0.0,46.0,24.0,,34.0,2021-01-30,2021-01,Jan-21
2021-01-31,,,0.8,161.0,924.9,54.0,0.0,33.0,18.0,,12.0,2021-01-31,2021-01,Jan-21
2021-02-01,,,0.8,888.0,924.8,28.0,0.0,28.0,15.0,,0.0,2021-02-01,2021-02,Feb-21
2021-02-02,,,0.8,309.0,924.1,21.0,0.0,42.0,22.0,,16.0,2021-02-02,2021-02,Feb-21
2021-02-03,,,0.7,90.0,925.5,0.0,41.0,82.0,77.0,,22.0,2021-02-03,2021-02,Feb-21
2021-02-04,,,1.0,286.0,924.4,53.0,0.0,15.0,8.0,,10.0,2021-02-04,2021-02,Feb-21
2021-02-05,,,1.7,303.0,918.9,39.0,0.0,32.0,18.0,,7.0,2021-02-05,2021-02,Feb-21
2021-02-06,,,1.3,132.0,920.1,35.0,0.0,7.0,4.0,,2.0,2021-02-06,2021-02,Feb-21
2021-02-07,,,1.5,126.0,923.9,28.0,0.0,8.0,5.0,,10.0,2021-02-07,2021-02,Feb-21
2021-02-08,,,2.1,126.0,924.7,18.0,1.0,8.0,5.0,,13.0,2021-02-08,2021-02,Feb-21
2021-02-09,,,2.3,122.0,925.4,14.0,2.0,10.0,7.0,,7.0,2021-02-09,2021-02,Feb-21
2021-02-10,,,1.6,121.0,926.2,27.0,0.0,7.0,4.0,0.1,11.0,2021-02-10,2021-02,Feb-21
2021-02-11,,,1.6,120.0,925.7,30.0,1.0,11.0,7.0,0.2,6.0,2021-02-11,2021-02,Feb-21
2021-02-12,,,0.9,300.0,925.7,12.0,2.0,34.0,19.0,0.5,15.0,2021-02-12,2021-02,Feb-21
2021-02-13,,,1.4,123.0,925.2,34.0,1.0,18.0,10.0,0.4,6.0,2021-02-13,2021-02,Feb-21
2021-02-14,,,1.2,289.0,922.8,15.0,1.0,18.0,10.0,0.4,7.0,2021-02-14,2021-02,Feb-21
2021-02-15,,,1.2,326.0,920.8,6.0,8.0,40.0,28.0,0.6,8.0,2021-02-15,2021-02,Feb-21
2021-02-16,,,1.4,298.0,920.2,23.0,1.0,29.0,16.0,0.4,0.0,2021-02-16,2021-02,Feb-21
2021-02-17,,,1.4,302.0,919.6,28.0,1.0,30.0,16.0,0.6,16.0,2021-02-17,2021-02,Feb-21
2021-02-18,,,1.1,282.0,920.3,28.0,0.0,32.0,17.0,0.4,11.0,2021-02-18,2021-02,Feb-21
2021-02-19,,,0.8,123.0,920.6,33.0,1.0,27.0,15.0,0.5,7.0,2021-02-19,2021-02,Feb-21
2021-02-20,,,1.4,117.0,924.4,42.0,1.0,14.0,8.0,0.3,10.0,2021-02-20,2021-02,Feb-21
2021-02-21,,,2.4,124.0,925.6,46.0,1.0,8.0,5.0,0.3,8.0,2021-02-21,2021-02,Feb-21
2021-02-22,,,2.3,126.0,926.5,40.0,1.0,5.0,3.0,0.2,7.0,2021-02-22,2021-02,Feb-21
2021-02-23,,,1.0,285.0,925.9,23.0,1.0,10.0,6.0,0.2,7.0,2021-02-23,2021-02,Feb-21
2021-02-24,,,0.6,117.0,924.0,27.0,1.0,51.0,28.0,0.7,11.0,2021-02-24,2021-02,Feb-21
2021-02-25,,,1.5,111.0,924.4,31.0,1.0,23.0,13.0,0.4,10.0,2021-02-25,2021-02,Feb-21
2021-02-26,,,1.9,124.0,923.2,56.0,0.0,7.0,4.0,0.3,3.0,2021-02-26,2021-02,Feb-21
2021-02-27,,,1.0,102.0,925.0,30.0,1.0,15.0,9.0,0.4,3.0,2021-02-27,2021-02,Feb-21
2021-02-28,,,1.0,120.0,925.6,32.0,0.0,12.0,7.0,0.4,4.0,2021-02-28,2021-02,Feb-21
2021-08-01,,,1.6,108.0,936.6,39.0,1.0,13.0,8.0,0.3,6.0,2021-08-01,2021-08,Aug-21
2021-08-02,,,0.9,126.0,935.1,20.0,2.0,31.0,18.0,0.6,18.0,2021-08-02,2021-08,Aug-21
2021-08-03,,,1.5,132.0,932.8,53.0,0.0,15.0,8.0,0.3,9.0,2021-08-03,2021-08,Aug-21
2021-08-04,,,2.1,135.0,934.8,47.0,1.0,11.0,6.0,0.2,2.0,2021-08-04,2021-08,Aug-21
2021-08-05,,,1.6,126.0,936.7,45.0,1.0,13.0,7.0,0.2,11.0,2021-08-05,2021-08,Aug-21
2021-08-06,,,1.1,140.0,937.1,34.0,1.0,20.0,12.0,0.4,16.0,2021-08-06,2021-08,Aug-21
2021-08-07,,,1.3,113.0,934.6,22.0,2.0,27.0,16.0,0.5,12.0,2021-08-07,2021-08,Aug-21
2021-08-08,,,0.8,113.0,931.6,2.0,16.0,46.0,38.0,1.2,28.0,2021-08-08,2021-08,Aug-21
2021-08-09,,,0.8,289.0,931.1,3.0,16.0,56.0,42.0,1.0,46.0,2021-08-09,2021-08,Aug-21
2021-08-10,,,0.7,106.0,929.5,2.0,29.0,73.0,63.0,1.2,30.0,2021-08-10,2021-08,Aug-21
2021-08-11,,,0.0,777.0,927.5,3.0,100.0,120.0,145.0,2.6,41.0,2021-08-11,2021-08,Aug-21
2021-08-12,,,1.5,164.0,931.9,35.0,1.0,14.0,8.0,0.2,5.0,2021-08-12,2021-08,Aug-21
2021-08-13,,,1.9,127.0,931.4,40.0,1.0,12.0,7.0,0.3,1.0,2021-08-13,2021-08,Aug-21
2021-08-14,,,1.8,126.0,931.7,43.0,1.0,13.0,8.0,0.3,6.0,2021-08-14,2021-08,Aug-21
2021-08-15,,,1.4,131.0,930.2,30.0,1.0,19.0,11.0,0.4,10.0,2021-08-15,2021-08,Aug-21
2021-08-16,,,1.3,115.0,927.3,12.0,2.0,31.0,18.0,0.5,20.0,2021-08-16,2021-08,Aug-21
2021-08-17,,,1.1,272.0,928.0,32.0,1.0,37.0,21.0,0.4,9.0,2021-08-17,2021-08,Aug-21
2021-08-18,,,0.8,284.0,929.7,9.0,13.0,79.0,52.0,1.3,42.0,2021-08-18,2021-08,Aug-21
2021-08-19,,,0.7,134.0,929.2,8.0,24.0,85.0,64.0,1.4,47.0,2021-08-19,2021-08,Aug-21
2021-08-20,,,0.9,292.0,926.5,13.0,35.0,81.0,72.0,1.8,61.0,2021-08-20,2021-08,Aug-21
2021-08-21,,,0.7,91.0,928.0,4.0,24.0,132.0,90.0,1.8,27.0,2021-08-21,2021-08,Aug-21
2021-08-22,,,0.9,152.0,927.3,47.0,1.0,54.0,29.0,0.9,27.0,2021-08-22,2021-08,Aug-21
2021-08-23,,,0.8,109.0,924.4,3.0,25.0,87.0,67.0,2.1,40.0,2021-08-23,2021-08,Aug-21
2021-08-24,,,0.7,288.0,923.7,47.0,1.0,52.0,28.0,,36.0,2021-08-24,2021-08,Aug-21
2021-08-25,,,0.0,777.0,922.5,9.0,7.0,103.0,61.0,,69.0,2021-08-25,2021-08,Aug-21
2021-08-26,,,1.0,281.0,921.2,7.0,5.0,97.0,55.0,,49.0,2021-08-26,2021-08,Aug-21
2021-08-27,,,2.2,126.0,926.6,73.0,0.0,9.0,5.0,,19.0,2021-08-27,2021-08,Aug-21
2021-08-28,,,2.4,129.0,931.4,50.0,1.0,9.0,5.0,,3.0,2021-08-28,2021-08,Aug-21
2021-08-29,,,1.4,112.0,932.6,42.0,1.0,14.0,8.0,,18.0,2021-08-29,2021-08,Aug-21
2021-08-30,,,1.3,143.0,932.2,42.0,1.0,15.0,9.0,,4.0,2021-08-30,2021-08,Aug-21
2021-08-31,,,2.3,124.0,932.4,45.0,1.0,10.0,6.0,,6.0,2021-08-31,2021-08,Aug-21
2022-06-01,,,1.5,126.0,926.9,25.0,1.0,19.0,11.0,0.3,2.0,2022-06-01,2022-06,Jun-22
2022-06-02,,,0.0,777.0,924.6,1.0,93.0,30.0,92.0,1.6,16.0,2022-06-02,2022-06,Jun-22
2022-06-03,,,1.5,119.0,926.4,1.0,11.0,34.0,28.0,0.6,11.0,2022-06-03,2022-06,Jun-22
2022-06-04,,,2.4,125.0,930.6,41.0,1.0,10.0,6.0,0.2,7.0,2022-06-04,2022-06,Jun-22
2022-06-05,,,1.5,124.0,931.0,39.0,0.0,12.0,6.0,0.2,1.0,2022-06-05,2022-06,Jun-22
2022-06-06,,,0.9,142.0,928.0,9.0,1.0,31.0,18.0,0.5,18.0,2022-06-06,2022-06,Jun-22
2022-06-07,,,0.8,90.0,925.1,1.0,37.0,85.0,75.0,1.1,19.0,2022-06-07,2022-06,Jun-22
2022-06-08,,,1.4,307.0,923.8,10.0,3.0,47.0,28.0,0.6,13.0,2022-06-08,2022-06,Jun-22
2022-06-09,,,1.3,117.0,926.3,33.0,0.0,14.0,8.0,0.3,1.0,2022-06-09,2022-06,Jun-22
2022-06-10,,,1.0,289.0,925.7,3.0,,,,0.7,17.0,2022-06-10,2022-06,Jun-22
2022-06-11,,,2.1,132.0,927.3,38.0,,,,0.3,4.0,2022-06-11,2022-06,Jun-22
2022-06-12,,,1.2,236.0,926.5,17.0,,,,0.3,4.0,2022-06-12,2022-06,Jun-22
2022-06-13,,,0.7,143.0,929.5,15.0,,,,0.4,6.0,2022-06-13,2022-06,Jun-22
2022-06-14,,,1.2,130.0,932.0,39.0,,,,0.2,4.0,2022-06-14,2022-06,Jun-22
2022-06-15,,,1.5,123.0,930.9,32.0,,,,0.2,6.0,2022-06-15,2022-06,Jun-22
2022-06-16,,,1.1,271.0,929.1,0.0,27.0,61.0,54.0,1.0,29.0,2022-06-16,2022-06,Jun-22
2022-06-17,,,0.0,777.0,926.0,2.0,93.0,67.0,111.0,2.6,56.0,2022-06-17,2022-06,Jun-22
2022-06-18,,,2.0,313.0,922.3,25.0,1.0,62.0,34.0,0.5,18.0,2022-06-18,2022-06,Jun-22
2022-06-19,,,1.8,127.0,930.2,33.0,0.0,13.0,7.0,0.3,11.0,2022-06-19,2022-06,Jun-22
2022-06-20,,,1.1,262.0,929.4,22.0,0.0,20.0,11.0,0.3,9.0,2022-06-20,2022-06,Jun-22
2022-06-21,,,0.8,270.0,929.2,0.0,21.0,44.0,40.0,0.8,23.0,2022-06-21,2022-06,Jun-22
2022-06-22,,,1.1,305.0,927.1,1.0,13.0,71.0,48.0,0.9,20.0,2022-06-22,2022-06,Jun-22
2022-06-23,,,1.4,288.0,926.4,2.0,14.0,76.0,52.0,0.8,23.0,2022-06-23,2022-06,Jun-22
2022-06-24,,,0.0,777.0,928.5,3.0,151.0,91.0,171.0,3.1,41.0,2022-06-24,2022-06,Jun-22
2022-06-25,,,0.0,777.0,929.4,2.0,75.0,120.0,125.0,2.1,27.0,2022-06-25,2022-06,Jun-22
2022-06-26,,,1.7,138.0,931.3,41.0,0.0,10.0,5.0,0.3,2.0,2022-06-26,2022-06,Jun-22
2022-06-27,,,1.6,128.0,931.3,40.0,,,,0.2,6.0,2022-06-27,2022-06,Jun-22
2022-06-28,,,1.3,309.0,928.1,10.0,,,,0.4,15.0,2022-06-28,2022-06,Jun-22
2022-06-29,,,0.6,297.0,927.2,1.0,,,,2.4,40.0,2022-06-29,2022-06,Jun-22
2022-06-30,,,1.6,147.0,927.0,33.0,,,,0.3,11.0,2022-06-30,2022-06,Jun-22
2022-07-01,,,0.5,888.0,927.6,1.0,,,,1.4,22.0,2022-07-01,2022-07,Jul-22
2022-07-02,,,1.2,241.0,928.3,14.0,,,,0.8,27.0,2022-07-02,2022-07,Jul-22
2022-07-03,,,0.9,200.0,931.1,15.0,,,,1.0,30.0,2022-07-03,2022-07,Jul-22
2022-07-04,,,0.9,275.0,931.7,45.0,,,,0.5,15.0,2022-07-04,2022-07,Jul-22
2022-07-05,,,0.0,777.0,929.5,2.0,,,,2.6,52.0,2022-07-05,2022-07,Jul-22
2022-07-06,,,0.0,777.0,929.3,3.0,,,,3.0,41.0,2022-07-06,2022-07,Jul-22
2022-07-07,,,0.7,79.0,927.6,2.0,,,,1.8,35.0,2022-07-07,2022-07,Jul-22
2022-07-08,,,0.8,238.0,930.8,2.0,,,,1.5,35.0,2022-07-08,2022-07,Jul-22
2022-07-09,,,1.5,130.0,933.6,28.0,,,,0.5,25.0,2022-07-09,2022-07,Jul-22
2022-07-10,,,0.8,272.0,931.4,45.0,,,,0.4,14.0,2022-07-10,2022-07,Jul-22
2022-07-11,,,0.6,82.0,927.8,2.0,,,,1.2,43.0,2022-07-11,2022-07,Jul-22
2022-07-12,,,2.3,313.0,923.7,37.0,,,,0.3,10.0,2022-07-12,2022-07,Jul-22
2022-07-13,,,2.0,132.0,928.7,35.0,,,,0.3,2.0,2022-07-13,2022-07,Jul-22
2022-07-14,,,1.6,128.0,931.4,29.0,,,,0.3,5.0,2022-07-14,2022-07,Jul-22
2022-07-15,,,0.0,777.0,927.3,2.0,,,,3.1,47.0,2022-07-15,2022-07,Jul-22
2022-07-16,,,1.0,280.0,925.1,3.0,8.0,66.0,42.0,0.8,34.0,2022-07-16,2022-07,Jul-22
2022-07-17,,,1.5,287.0,925.2,24.0,1.0,47.0,25.0,0.7,26.0,2022-07-17,2022-07,Jul-22
2022-07-18,,,1.8,126.0,932.1,26.0,0.0,11.0,6.0,0.3,1.0,2022-07-18,2022-07,Jul-22
2022-07-19,,,1.7,135.0,933.4,33.0,0.0,12.0,6.0,,0.0,2022-07-19,2022-07,Jul-22
2022-07-20,,,2.2,126.0,932.1,44.0,0.0,11.0,6.0,,1.0,2022-07-20,2022-07,Jul-22
2022-07-21,,,1.5,111.0,930.5,38.0,0.0,11.0,6.0,,0.0,2022-07-21,2022-07,Jul-22
2022-07-22,,,0.0,777.0,928.6,2.0,85.0,66.0,104.0,1.9,31.0,2022-07-22,2022-07,Jul-22
2022-07-23,,,0.6,94.0,927.8,2.0,75.0,66.0,96.0,2.1,17.0,2022-07-23,2022-07,Jul-22
2022-07-24,,,0.0,777.0,928.7,8.0,7.0,79.0,48.0,1.1,27.0,2022-07-24,2022-07,Jul-22
2022-07-25,,,0.7,297.0,929.7,46.0,1.0,41.0,23.0,0.6,19.0,2022-07-25,2022-07,Jul-22
2022-07-26,,,0.6,94.0,929.9,7.0,6.0,67.0,40.0,0.8,26.0,2022-07-26,2022-07,Jul-22
2022-07-27,,,1.6,125.0,931.3,70.0,0.0,10.0,5.0,0.3,6.0,2022-07-27,2022-07,Jul-22
2022-07-28,,,0.8,96.0,926.7,1.0,29.0,60.0,56.0,1.1,40.0,2022-07-28,2022-07,Jul-22
2022-07-29,,,1.4,314.0,922.2,16.0,3.0,77.0,43.0,0.7,30.0,2022-07-29,2022-07,Jul-22
2022-07-30,,,0.8,121.0,925.4,10.0,3.0,34.0,20.0,0.6,7.0,2022-07-30,2022-07,Jul-22
2022-07-31,,,1.6,126.0,929.5,41.0,0.0,17.0,9.0,0.3,7.0,2022-07-31,2022-07,Jul-22
2023-03-01,,,0.7,164.0,928.2,6.0,14.0,43.0,34.0,0.6,1.0,2023-03-01,2023-03,Mar-23
2023-03-02,,,0.8,270.0,925.9,37.0,0.0,21.0,11.0,0.4,6.0,2023-03-02,2023-03,Mar-23
2023-03-03,,,1.2,316.0,925.5,58.0,0.0,26.0,14.0,0.4,4.0,2023-03-03,2023-03,Mar-23
2023-03-04,,,1.0,314.0,924.8,14.0,1.0,33.0,18.0,0.6,10.0,2023-03-04,2023-03,Mar-23
2023-03-05,,,1.8,323.0,924.3,40.0,0.0,17.0,9.0,0.3,8.0,2023-03-05,2023-03,Mar-23
2023-03-06,,,0.9,275.0,922.5,21.0,0.0,23.0,13.0,0.4,3.0,2023-03-06,2023-03,Mar-23
2023-03-07,,,1.5,298.0,922.7,11.0,3.0,37.0,22.0,0.5,7.0,2023-03-07,2023-03,Mar-23
2023-03-08,,,0.9,290.0,925.1,15.0,1.0,31.0,17.0,0.4,10.0,2023-03-08,2023-03,Mar-23
2023-03-09,,,0.6,888.0,925.7,1.0,39.0,61.0,64.0,1.2,11.0,2023-03-09,2023-03,Mar-23
2023-03-10,,,0.6,298.0,926.1,1.0,12.0,60.0,41.0,1.1,23.0,2023-03-10,2023-03,Mar-23
2023-03-11,,,1.1,284.0,925.7,22.0,0.0,38.0,20.0,0.5,4.0,2023-03-11,2023-03,Mar-23
2023-03-12,,,0.9,284.0,925.7,20.0,0.0,32.0,17.0,0.6,8.0,2023-03-12,2023-03,Mar-23
2023-03-13,,,0.9,125.0,926.4,29.0,0.0,13.0,7.0,0.3,5.0,2023-03-13,2023-03,Mar-23
2023-03-14,,,1.1,110.0,927.2,16.0,1.0,18.0,10.0,0.3,6.0,2023-03-14,2023-03,Mar-23
2023-03-15,,,1.2,113.0,927.3,25.0,0.0,12.0,7.0,0.3,2.0,2023-03-15,2023-03,Mar-23
2023-03-16,,,1.3,121.0,926.6,19.0,1.0,11.0,7.0,0.2,3.0,2023-03-16,2023-03,Mar-23
2023-03-17,,,1.4,114.0,926.7,24.0,1.0,11.0,6.0,0.2,6.0,2023-03-17,2023-03,Mar-23
2023-03-18,,,1.3,120.0,926.8,18.0,1.0,14.0,9.0,0.3,12.0,2023-03-18,2023-03,Mar-23
2023-03-19,,,1.5,114.0,927.0,34.0,0.0,9.0,5.0,0.2,7.0,2023-03-19,2023-03,Mar-23
2023-03-20,,,0.7,330.0,926.3,22.0,1.0,23.0,13.0,0.4,18.0,2023-03-20,2023-03,Mar-23
2023-03-21,,,1.0,317.0,926.3,2.0,15.0,84.0,57.0,0.9,26.0,2023-03-21,2023-03,Mar-23
2023-03-22,,,1.6,134.0,928.5,40.0,0.0,13.0,7.0,0.3,7.0,2023-03-22,2023-03,Mar-23
2023-03-23,,,1.3,109.0,929.7,34.0,0.0,11.0,6.0,0.3,6.0,2023-03-23,2023-03,Mar-23
2023-03-24,,,0.7,308.0,928.1,17.0,,,,0.4,7.0,2023-03-24,2023-03,Mar-23
2023-03-25,,,1.5,163.0,927.0,41.0,,,,0.3,4.0,2023-03-25,2023-03,Mar-23
2023-03-26,,,0.9,306.0,926.1,10.0,,,,0.9,23.0,2023-03-26,2023-03,Mar-23
2023-03-27,,,1.3,129.0,926.2,57.0,,,,0.3,0.0,2023-03-27,2023-03,Mar-23
2023-03-28,,,1.5,129.0,928.3,24.0,,,,0.2,8.0,2023-03-28,2023-03,Mar-23
2023-03-29,,,0.8,263.0,926.6,8.0,,,,0.3,7.0,2023-03-29,2023-03,Mar-23
2023-03-30,,,0.0,777.0,926.8,2.0,,,,1.5,13.0,2023-03-30,2023-03,Mar-23
2023-03-31,,,1.6,109.0,926.7,57.0,0.0,14.0,8.0,0.3,10.0,2023-03-31,2023-03,Mar-23
2023-12-01,22.4,85.0,1.2,130.0,924.4,68.0,1.0,15.0,9.0,0.5,13.0,2023-12-01,2023-12,Dec-23
2023-12-02,20.9,87.0,0.6,280.0,922.6,3.0,7.0,48.0,31.0,0.7,17.0,2023-12-02,2023-12,Dec-23
2023-12-03,24.2,74.0,0.0,777.0,922.2,9.0,4.0,59.0,35.0,1.1,17.0,2023-12-03,2023-12,Dec-23
2023-12-04,21.5,83.0,1.8,135.0,923.0,47.0,1.0,18.0,10.0,0.3,17.0,2023-12-04,2023-12,Dec-23
2023-12-05,20.8,86.0,1.3,126.0,927.2,45.0,0.0,7.0,4.0,0.2,3.0,2023-12-05,2023-12,Dec-23
2023-12-06,21.7,86.0,1.5,131.0,926.8,40.0,0.0,12.0,6.0,0.3,13.0,2023-12-06,2023-12,Dec-23
2023-12-07,25.6,77.0,0.9,232.0,924.4,31.0,0.0,38.0,21.0,0.5,25.0,2023-12-07,2023-12,Dec-23
2023-12-08,23.3,77.0,1.3,190.0,924.8,67.0,0.0,19.0,10.0,0.3,2.0,2023-12-08,2023-12,Dec-23
2023-12-09,18.8,92.0,2.8,124.0,927.0,39.0,0.0,5.0,3.0,0.2,2.0,2023-12-09,2023-12,Dec-23
2023-12-10,17.3,83.0,1.8,134.0,928.0,30.0,,,,0.2,5.0,2023-12-10,2023-12,Dec-23
2023-12-11,18.2,95.0,1.2,124.0,923.8,22.0,,,,0.3,1.0,2023-12-11,2023-12,Dec-23
2023-12-12,17.9,86.0,1.9,128.0,926.8,52.0,,,,0.2,3.0,2023-12-12,2023-12,Dec-23
2023-12-13,17.3,87.0,1.3,110.0,927.0,24.0,,,,0.2,8.0,2023-12-13,2023-12,Dec-23
2023-12-14,20.2,85.0,0.9,112.0,925.1,36.0,,,,0.3,12.0,2023-12-14,2023-12,Dec-23
2023-12-15,21.8,85.0,0.8,153.0,923.9,9.0,,,,0.7,39.0,2023-12-15,2023-12,Dec-23
2023-12-16,23.2,82.0,0.7,302.0,924.5,2.0,,,,1.0,38.0,2023-12-16,2023-12,Dec-23
2023-12-17,22.5,86.0,1.2,124.0,924.2,36.0,,,,0.4,18.0,2023-12-17,2023-12,Dec-23
2023-12-18,22.6,73.0,1.3,129.0,922.5,30.0,,,,0.5,25.0,2023-12-18,2023-12,Dec-23
2023-12-19,21.0,82.0,1.4,117.0,921.2,39.0,,,,0.2,7.0,2023-12-19,2023-12,Dec-23
2023-12-20,19.5,85.0,1.8,120.0,922.2,21.0,,,,0.2,2.0,2023-12-20,2023-12,Dec-23
2023-12-21,19.7,82.0,1.5,118.0,924.5,29.0,,,,0.2,9.0,2023-12-21,2023-12,Dec-23
2023-12-22,21.4,83.0,0.9,291.0,925.0,46.0,,,,0.2,12.0,2023-12-22,2023-12,Dec-23
2023-12-23,22.9,83.0,1.1,282.0,923.7,42.0,,,,0.6,10.0,2023-12-23,2023-12,Dec-23
2023-12-24,21.2,86.0,0.8,309.0,923.4,63.0,,,,0.4,7.0,2023-12-24,2023-12,Dec-23
2023-12-25,22.9,79.0,1.2,110.0,924.5,48.0,,,,0.9,45.0,2023-12-25,2023-12,Dec-23
2023-12-26,26.9,60.0,0.8,353.0,922.6,30.0,,,,0.6,10.0,2023-12-26,2023-12,Dec-23
2023-12-27,18.6,84.0,1.5,129.0,926.1,46.0,,,,0.2,5.0,2023-12-27,2023-12,Dec-23
2023-12-28,18.5,81.0,1.5,120.0,927.0,34.0,,,,0.2,9.0,2023-12-28,2023-12,Dec-23
2023-12-29,21.5,77.0,0.6,190.0,924.1,14.0,,,,0.8,25.0,2023-12-29,2023-12,Dec-23
2023-12-30,26.9,49.0,0.8,127.0,922.3,10.0,,,,1.1,22.0,2023-12-30,2023-12,Dec-23
2023-12-31,18.8,84.0,1.4,124.0,926.5,47.0,,,,0.2,3.0,2023-12-31,2023-12,Dec-23
2024-01-01,19.0,84.0,1.4,113.0,926.2,36.0,,,,0.5,24.0,2024-01-01,2024-01,Jan-24
2024-01-02,20.0,85.0,1.4,110.0,925.1,47.0,,,,0.2,9.0,2024-01-02,2024-01,Jan-24
2024-01-03,20.6,82.0,1.5,107.0,922.8,46.0,,,,0.3,12.0,2024-01-03,2024-01,Jan-24
2024-01-04,20.7,92.0,2.0,164.0,922.2,41.0,,,,0.2,0.0,2024-01-04,2024-01,Jan-24
2024-01-05,19.9,91.0,1.3,129.0,923.8,41.0,,,,0.2,2.0,2024-01-05,2024-01,Jan-24
2024-01-06,20.1,85.0,1.5,117.0,924.2,34.0,,,,0.2,9.0,2024-01-06,2024-01,Jan-24
2024-01-07,20.6,83.0,1.5,106.0,924.6,34.0,,,,0.2,6.0,2024-01-07,2024-01,Jan-24
2024-01-08,22.7,81.0,0.9,292.0,923.5,13.0,,,,0.7,22.0,2024-01-08,2024-01,Jan-24
2024-01-09,23.3,74.0,1.0,297.0,923.1,15.0,,,,0.8,14.0,2024-01-09,2024-01,Jan-24
2024-01-10,25.9,65.0,1.2,324.0,924.8,22.0,,,,0.8,19.0,2024-01-10,2024-01,Jan-24
2024-01-11,22.3,91.0,1.3,304.0,925.3,61.0,,,,0.4,4.0,2024-01-11,2024-01,Jan-24
2024-01-12,23.5,79.0,2.1,303.0,921.6,40.0,1.0,28.0,15.0,0.3,3.0,2024-01-12,2024-01,Jan-24
2024-01-13,21.4,96.0,0.7,274.0,925.0,22.0,1.0,56.0,31.0,0.5,1.0,2024-01-13,2024-01,Jan-24
2024-01-14,18.6,87.0,1.4,136.0,927.6,26.0,1.0,17.0,10.0,0.2,7.0,2024-01-14,2024-01,Jan-24
2024-01-15,22.5,85.0,1.0,192.0,925.5,12.0,29.0,54.0,52.0,0.9,16.0,2024-01-15,2024-01,Jan-24
2024-01-16,26.5,66.0,1.5,320.0,924.8,43.0,1.0,46.0,25.0,0.4,8.0,2024-01-16,2024-01,Jan-24
2024-01-17,27.1,72.0,0.8,309.0,924.2,38.0,1.0,63.0,34.0,0.7,18.0,2024-01-17,2024-01,Jan-24
2024-01-18,23.5,87.0,1.3,274.0,924.7,43.0,0.0,31.0,16.0,0.4,11.0,2024-01-18,2024-01,Jan-24
2024-01-19,23.2,76.0,1.6,318.0,925.3,76.0,0.0,24.0,13.0,0.3,2.0,2024-01-19,2024-01,Jan-24
2024-01-20,23.1,89.0,2.0,300.0,921.7,21.0,2.0,56.0,32.0,0.6,10.0,2024-01-20,2024-01,Jan-24
2024-01-21,21.3,90.0,1.2,316.0,920.9,30.0,1.0,50.0,27.0,0.6,6.0,2024-01-21,2024-01,Jan-24
2024-01-22,19.8,91.0,2.5,137.0,925.6,40.0,1.0,6.0,3.0,0.2,0.0,2024-01-22,2024-01,Jan-24
2024-01-23,19.0,87.0,1.6,127.0,926.4,37.0,0.0,9.0,5.0,0.2,4.0,2024-01-23,2024-01,Jan-24
2024-01-24,17.0,91.0,1.2,111.0,923.5,39.0,0.0,16.0,9.0,0.2,0.0,2024-01-24,2024-01,Jan-24
2024-01-25,17.2,92.0,2.5,117.0,923.0,54.0,0.0,8.0,5.0,0.2,3.0,2024-01-25,2024-01,Jan-24
2024-01-26,16.3,92.0,2.2,132.0,924.5,45.0,1.0,8.0,5.0,0.2,8.0,2024-01-26,2024-01,Jan-24
2024-01-27,18.0,92.0,1.2,137.0,924.6,32.0,1.0,15.0,9.0,0.2,3.0,2024-01-27,2024-01,Jan-24
2024-01-28,19.4,89.0,1.4,111.0,924.9,28.0,1.0,18.0,10.0,0.3,5.0,2024-01-28,2024-01,Jan-24
2024-01-29,19.1,89.0,0.9,282.0,925.1,39.0,1.0,26.0,14.0,0.3,12.0,2024-01-29,2024-01,Jan-24
2024-01-30,21.8,86.0,0.9,175.0,924.1,32.0,1.0,55.0,30.0,0.6,29.0,2024-01-30,2024-01,Jan-24
2024-01-31,23.0,70.0,0.7,316.0,924.1,59.0,1.0,37.0,20.0,0.5,20.0,2024-01-31,2024-01,Jan-24
2024-04-01,20.4,85.0,0.7,130.0,925.5,25.0,,,,0.8,35.0,2024-04-01,2024-04,Apr-24
2024-04-02,20.1,78.0,0.8,296.0,924.2,50.0,,,,0.3,6.0,2024-04-02,2024-04,Apr-24
2024-04-03,22.1,63.0,0.0,777.0,924.5,,,,,1.4,19.0,2024-04-03,2024-04,Apr-24
2024-04-04,20.1,87.0,1.4,101.0,925.9,48.0,1.0,13.0,8.0,0.3,10.0,2024-04-04,2024-04,Apr-24
2024-04-05,21.6,84.0,1.2,129.0,926.7,50.0,1.0,15.0,9.0,0.3,13.0,2024-04-05,2024-04,Apr-24
2024-04-06,21.1,82.0,2.0,125.0,927.0,61.0,,,,0.3,18.0,2024-04-06,2024-04,Apr-24
2024-04-07,19.0,92.0,2.6,126.0,928.2,32.0,0.0,7.0,4.0,0.2,,2024-04-07,2024-04,Apr-24
2024-04-08,20.9,85.0,1.2,305.0,926.4,11.0,1.0,23.0,13.0,0.4,,2024-04-08,2024-04,Apr-24
2024-04-09,20.5,87.0,0.8,291.0,925.9,6.0,2.0,50.0,29.0,0.5,,2024-04-09,2024-04,Apr-24
2024-04-10,21.1,83.0,0.8,308.0,924.7,15.0,1.0,44.0,24.0,0.6,,2024-04-10,2024-04,Apr-24
2024-04-11,20.7,87.0,1.0,114.0,925.0,33.0,0.0,24.0,13.0,0.4,,2024-04-11,2024-04,Apr-24
2024-04-12,20.2,90.0,1.3,114.0,928.2,38.0,0.0,11.0,6.0,0.3,7.0,2024-04-12,2024-04,Apr-24
2024-04-13,20.9,87.0,1.4,118.0,928.3,34.0,0.0,10.0,5.0,0.2,8.0,2024-04-13,2024-04,Apr-24
2024-04-14,21.2,86.0,1.2,121.0,926.2,32.0,0.0,13.0,7.0,0.3,15.0,2024-04-14,2024-04,Apr-24
2024-04-15,21.1,86.0,1.1,124.0,926.4,,0.0,5.0,3.0,0.3,9.0,2024-04-15,2024-04,Apr-24
2024-04-16,21.5,89.0,0.7,296.0,927.4,4.0,2.0,16.0,11.0,0.6,5.0,2024-04-16,2024-04,Apr-24
2024-04-17,22.7,89.0,0.7,308.0,926.2,6.0,,,,0.7,9.0,2024-04-17,2024-04,Apr-24
2024-04-18,18.6,92.0,3.2,140.0,926.3,39.0,,,,0.2,1.0,2024-04-18,2024-04,Apr-24
2024-04-19,15.9,87.0,1.6,114.0,928.9,33.0,,,,0.2,2.0,2024-04-19,2024-04,Apr-24
2024-04-20,16.8,81.0,1.4,121.0,929.7,31.0,,,,0.2,8.0,2024-04-20,2024-04,Apr-24
2024-04-21,17.0,87.0,1.5,120.0,929.1,39.0,,,,0.2,6.0,2024-04-21,2024-04,Apr-24
2024-04-22,19.1,82.0,0.7,97.0,926.5,1.0,,,,1.6,67.0,2024-04-22,2024-04,Apr-24
2024-04-23,20.3,76.0,0.6,888.0,925.4,20.0,,,,0.9,36.0,2024-04-23,2024-04,Apr-24
2024-04-24,,,,,,,,,,,,2024-04-24,2024-04,Apr-24
2024-04-25,20.7,86.0,2.2,125.0,927.2,,,,,,,2024-04-25,2024-04,Apr-24
2024-04-26,19.1,97.0,1.6,129.0,927.9,28.0,1.0,12.0,7.0,0.2,6.0,2024-04-26,2024-04,Apr-24
2024-04-27,20.6,88.0,0.9,299.0,925.6,1.0,12.0,47.0,35.0,0.7,16.0,2024-04-27,2024-04,Apr-24
2024-04-28,24.1,63.0,0.8,85.0,923.6,2.0,19.0,89.0,62.0,1.5,32.0,2024-04-28,2024-04,Apr-24
2024-04-29,20.8,91.0,1.9,122.0,926.1,47.0,0.0,6.0,4.0,0.2,2.0,2024-04-29,2024-04,Apr-24
2024-04-30,24.6,68.0,0.8,244.0,926.1,18.0,1.0,59.0,32.0,0.7,32.0,2024-04-30,2024-04,Apr-24
2024-08-01,15.5,92.0,1.2,108.0,933.4,16.0,1.0,29.0,16.0,0.4,13.0,2024-08-01,2024-08,Aug-24
2024-08-02,14.4,90.0,0.9,121.0,932.5,10.0,2.0,40.0,23.0,0.4,26.0,2024-08-02,2024-08,Aug-24
2024-08-03,19.1,57.0,1.2,258.0,930.2,39.0,1.0,32.0,17.0,0.4,13.0,2024-08-03,2024-08,Aug-24
2024-08-04,20.2,53.0,0.9,242.0,930.4,11.0,5.0,68.0,40.0,0.7,32.0,2024-08-04,2024-08,Aug-24
2024-08-05,21.4,62.0,0.8,265.0,930.3,15.0,1.0,41.0,23.0,0.5,22.0,2024-08-05,2024-08,Aug-24
2024-08-06,20.5,59.0,0.7,101.0,930.0,9.0,11.0,60.0,41.0,0.7,11.0,2024-08-06,2024-08,Aug-24
2024-08-07,21.6,46.0,0.8,180.0,927.1,14.0,14.0,56.0,41.0,0.7,16.0,2024-08-07,2024-08,Aug-24
2024-08-08,21.6,43.0,0.9,325.0,924.7,3.0,57.0,87.0,93.0,1.2,31.0,2024-08-08,2024-08,Aug-24
2024-08-09,21.2,61.0,1.0,195.0,925.5,4.0,30.0,90.0,72.0,0.9,41.0,2024-08-09,2024-08,Aug-24
2024-08-10,12.7,92.0,1.8,129.0,926.3,33.0,1.0,13.0,7.0,0.2,2.0,2024-08-10,2024-08,Aug-24
2024-08-11,8.5,92.0,0.6,348.0,929.1,2.0,51.0,45.0,66.0,1.2,20.0,2024-08-11,2024-08,Aug-24
2024-08-12,14.2,55.0,2.1,301.0,926.7,25.0,1.0,58.0,32.0,0.5,13.0,2024-08-12,2024-08,Aug-24
2024-08-13,9.8,79.0,0.8,140.0,930.6,40.0,1.0,24.0,13.0,0.3,11.0,2024-08-13,2024-08,Aug-24
2024-08-14,8.9,82.0,1.2,126.0,932.7,46.0,0.0,16.0,9.0,0.2,9.0,2024-08-14,2024-08,Aug-24
2024-08-15,11.9,91.0,0.7,128.0,930.2,2.0,29.0,49.0,50.0,0.8,19.0,2024-08-15,2024-08,Aug-24
2024-08-16,16.8,71.0,0.6,114.0,929.3,3.0,100.0,139.0,156.0,3.1,54.0,2024-08-16,2024-08,Aug-24
2024-08-17,18.9,55.0,0.6,92.0,929.0,4.0,119.0,155.0,180.0,3.3,45.0,2024-08-17,2024-08,Aug-24
2024-08-18,19.7,50.0,0.7,86.0,928.6,4.0,74.0,120.0,124.0,2.7,59.0,2024-08-18,2024-08,Aug-24
2024-08-19,20.3,45.0,0.7,89.0,928.5,4.0,20.0,95.0,67.0,1.7,53.0,2024-08-19,2024-08,Aug-24
2024-08-20,21.9,48.0,0.7,151.0,927.5,3.0,55.0,162.0,131.0,2.3,66.0,2024-08-20,2024-08,Aug-24
2024-08-21,,,,,,,,,,,,2024-08-21,2024-08,Aug-24
2024-08-22,,,,,,,,,,,,2024-08-22,2024-08,Aug-24
2024-08-23,,,,,,,,,,,,2024-08-23,2024-08,Aug-24
2024-08-24,,,,,,,,,,,,2024-08-24,2024-08,Aug-24
2024-08-25,,,,,,,,,,,,2024-08-25,2024-08,Aug-24
2024-08-26,,,,,,,,,,,,2024-08-26,2024-08,Aug-24
2024-08-27,,,,,,,,,,,,2024-08-27,2024-08,Aug-24
2024-08-28,,,,,,,,,,,,2024-08-28,2024-08,Aug-24
2024-08-29,,,,,,,,,,,,2024-08-29,2024-08,Aug-24
2024-08-30,,,,,,,,,,,,2024-08-30,2024-08,Aug-24
2024-08-31,,,,,,,,,,,,2024-08-31,2024-08,Aug-24
2024-09-01,,,,,,,,,,,,2024-09-01,2024-09,Sep-24
2024-09-02,,,,,,,,,,,,2024-09-02,2024-09,Sep-24
2024-09-03,,,,,,,,,,,,2024-09-03,2024-09,Sep-24
2024-09-04,,,,,,,,,,,,2024-09-04,2024-09,Sep-24
2024-09-05,24.8,35.0,1.7,251.0,925.9,85.0,0.0,47.0,25.0,0.8,60.0,2024-09-05,2024-09,Sep-24
2024-09-06,14.6,91.0,2.4,137.0,929.8,57.0,0.0,11.0,6.0,0.4,2.0,2024-09-06,2024-09,Sep-24
2024-09-07,16.4,91.0,1.2,115.0,928.3,31.0,0.0,23.0,13.0,0.3,16.0,2024-09-07,2024-09,Sep-24
2024-09-08,23.4,70.0,0.7,237.0,928.8,5.0,11.0,111.0,68.0,2.0,83.0,2024-09-08,2024-09,Sep-24
2024-09-09,23.4,63.0,0.8,89.0,929.3,19.0,3.0,70.0,39.0,1.3,59.0,2024-09-09,2024-09,Sep-24
2024-09-10,21.3,51.0,0.8,167.0,927.3,16.0,35.0,105.0,84.0,1.1,42.0,2024-09-10,2024-09,Sep-24
2024-09-11,24.0,43.0,0.7,100.0,925.3,4.0,64.0,146.0,130.0,2.5,77.0,2024-09-11,2024-09,Sep-24
2024-09-12,23.8,40.0,0.7,91.0,926.3,3.0,44.0,132.0,106.0,1.9,64.0,2024-09-12,2024-09,Sep-24
2024-09-13,24.3,35.0,0.9,87.0,926.1,9.0,10.0,103.0,63.0,1.3,43.0,2024-09-13,2024-09,Sep-24
2024-09-14,24.7,35.0,0.9,81.0,924.3,5.0,52.0,108.0,100.0,1.8,58.0,2024-09-14,2024-09,Sep-24
2024-09-15,18.8,78.0,2.6,125.0,929.6,90.0,0.0,20.0,11.0,0.7,31.0,2024-09-15,2024-09,Sep-24
2024-09-16,17.1,94.0,2.1,135.0,929.1,61.0,0.0,10.0,6.0,0.5,1.0,2024-09-16,2024-09,Sep-24
2024-09-17,14.3,95.0,2.1,143.0,931.6,66.0,0.0,12.0,6.0,0.3,7.0,2024-09-17,2024-09,Sep-24
2024-09-18,14.1,93.0,1.7,135.0,931.2,53.0,0.0,10.0,6.0,0.2,6.0,2024-09-18,2024-09,Sep-24
2024-09-19,16.3,90.0,1.2,107.0,927.8,32.0,0.0,20.0,11.0,0.4,10.0,2024-09-19,2024-09,Sep-24
2024-09-20,17.6,89.0,0.9,283.0,926.3,15.0,1.0,36.0,20.0,0.5,20.0,2024-09-20,2024-09,Sep-24
2024-09-21,18.9,81.0,1.2,135.0,927.2,52.0,0.0,32.0,17.0,0.5,7.0,2024-09-21,2024-09,Sep-24
2024-09-22,20.1,74.0,0.9,278.0,925.2,31.0,1.0,43.0,24.0,0.8,19.0,2024-09-22,2024-09,Sep-24
2024-09-23,21.3,71.0,0.7,94.0,924.8,13.0,3.0,87.0,49.0,1.3,26.0,2024-09-23,2024-09,Sep-24
2024-09-24,21.7,55.0,0.8,168.0,925.4,3.0,38.0,111.0,90.0,1.4,34.0,2024-09-24,2024-09,Sep-24
2024-09-25,21.0,72.0,0.6,185.0,924.9,5.0,11.0,86.0,55.0,1.2,32.0,2024-09-25,2024-09,Sep-24
2024-09-26,25.1,52.0,0.9,271.0,923.7,33.0,1.0,106.0,58.0,1.2,43.0,2024-09-26,2024-09,Sep-24
2024-09-27,19.8,88.0,1.5,174.0,922.3,29.0,0.0,38.0,21.0,0.5,9.0,2024-09-27,2024-09,Sep-24
2024-09-28,15.7,82.0,2.7,138.0,928.1,69.0,0.0,8.0,4.0,0.2,4.0,2024-09-28,2024-09,Sep-24
2024-09-29,15.8,84.0,1.7,116.0,929.9,57.0,,,,0.3,1.0,2024-09-29,2024-09,Sep-24
2024-09-30,17.4,89.0,1.9,119.0,928.6,66.0,,,,0.3,18.0,2024-09-30,2024-09,Sep-24
